subj,time_pressure,model,ll,mape,mae,mse
s201,50,gcm,6.67544556597468,0.316435916338981,0.144971059419157,0.0297625225969211
s201,50,gcm_disc,-4.95171563848602,0.631843015002055,0.26489272355201,0.0903269170492207
s201,50,gcm_disc_unidim,-9.5571002474997,0.779017494468256,0.304728213766878,0.134381991177588
s201,50,gcm_unidim,-7.31747940304847,0.621450880660771,0.241918869268568,0.111715976866847
s201,none,gcm,7.18336071338075,0.544965447701671,0.147270912602608,0.0320814827079093
s201,none,gcm_disc,2.67422402991273,0.834845903552467,0.169192659248549,0.0463237036272736
s201,none,gcm_disc_unidim,-9.81286545790823,1.271730286542,0.268443772794881,0.13000146043205
s201,none,gcm_unidim,-11.3137685565425,1.24496811113351,0.311365343769897,0.147260664976241
s202,50,gcm,1.18882521847245,0.60923362327596,0.176070711281395,0.050742623400004
s202,50,gcm_disc,-6.39824350191771,1.17526183703937,0.280566581011867,0.10354975550538
s202,50,gcm_disc_unidim,-12.016367142598,1.5113826071304,0.341776024739171,0.172408849385564
s202,50,gcm_unidim,-11.7601291738258,1.18562308276664,0.304114025352499,0.16633696103952
s202,none,gcm,16.8559899953102,0.242355156153664,0.0903344995199063,0.0129720909365377
s202,none,gcm_disc,1.77177073759753,0.616104621885583,0.199705699172887,0.0503495416977208
s202,none,gcm_disc_unidim,-9.50758981277275,0.889340047450607,0.270412829991236,0.128375543172439
s202,none,gcm_unidim,-9.2383730451624,0.789033514663134,0.279574994937178,0.127117692876409
s203,50,gcm,1.84521914894035,0.579173718525292,0.137700872294447,0.0366859249896003
s203,50,gcm_disc,-7.39993869713521,1.25456041723944,0.290520224446426,0.110814185457113
s203,50,gcm_disc_unidim,-10.7145934734919,1.34410175085718,0.310816009797767,0.14367365592135
s203,50,gcm_unidim,-7.13929361295587,0.868566599778365,0.223410258188519,0.106918467948735
s203,none,gcm,0.612532233492677,0.612854252004182,0.185774186307703,0.0527821412153262
s203,none,gcm_disc,0.265056669279517,0.697785103901368,0.193340620596392,0.0576534267504212
s203,none,gcm_disc_unidim,-11.4681722215421,1.07787381378572,0.298051011085562,0.150076369710055
s203,none,gcm_unidim,-12.6407753221097,1.13224151261793,0.326113787892365,0.169041860562129
s204,50,gcm,-1.35553530996068,2.39225345596859,0.197593973216741,0.0616407865959548
s204,50,gcm_disc,-7.14921133641269,3.6963642444235,0.287302456527593,0.117324658730832
s204,50,gcm_disc_unidim,-9.63881209599111,4.67388220987479,0.31788528471094,0.155412357475968
s204,50,gcm_unidim,-8.79273886701906,4.16558748187328,0.262993961329465,0.133733786278277
s204,none,gcm,-5.80622132393281,2.36007150452803,0.245213280491575,0.0921299019719174
s204,none,gcm_disc,6.20997588352942,1.29047274001696,0.128845164621692,0.0352589307124619
s204,none,gcm_disc_unidim,-10.9102119653171,2.40820781439484,0.288709496039516,0.145735026732273
s204,none,gcm_unidim,-14.0416540107664,2.61891229883216,0.356990631824892,0.185494585193655
s205,50,gcm,8.06308257804668,0.312754377716769,0.123661164337673,0.0261806009783139
s205,50,gcm_disc,-6.61204120838712,0.833349906563469,0.29470244229476,0.106580361295553
s205,50,gcm_disc_unidim,-9.39389839492504,0.926611230503011,0.32348317185295,0.137438671947895
s205,50,gcm_unidim,-5.65715707171324,0.550614273719587,0.21680710117921,0.0977919274934408
s205,none,gcm,10.2216381596519,0.396795796834575,0.131067490961307,0.0249796979156424
s205,none,gcm_disc,-4.05826488126547,0.895461414775636,0.247698792220102,0.0820078885361175
s205,none,gcm_disc_unidim,-13.9543478981099,1.41586202378194,0.344378966902871,0.184984703181056
s205,none,gcm_unidim,-13.2443964066612,1.1987751837619,0.307802111136544,0.173183944866142
s206,50,gcm,-0.791344116940072,6007676771417.64,0.13503938135431,0.0418236113090398
s206,50,gcm_disc,5.55061261811166,1807166553796.25,0.106473627854599,0.0283005790882418
s206,50,gcm_disc_unidim,-14.1129373935486,7918693907677.44,0.309547591825002,0.210949154574645
s206,50,gcm_unidim,-14.1495983902907,8798782771402.66,0.308577325738769,0.21179201008185
s206,none,gcm,-2.68513927742385,1.67365067685683,0.195661639453934,0.0739156602685857
s206,none,gcm_disc,17.0477217006555,1.81364743481544,0.0995078490603142,0.0143906133147755
s206,none,gcm_disc_unidim,-11.1440842670571,3.37226321067581,0.271173764301226,0.149426789993562
s206,none,gcm_unidim,-12.6081061971243,2.16377495711577,0.302400614322959,0.168116989629161
s207,50,gcm,7.59444542028634,0.361193566118368,0.132416866801081,0.030101596031414
s207,50,gcm_disc,-2.28137374150325,0.6517484488382,0.229575634105768,0.0696743298589909
s207,50,gcm_disc_unidim,-8.9732130034858,0.862716548896971,0.289014831494709,0.123513811760619
s207,50,gcm_unidim,-7.92220702969415,0.723978927893681,0.257109188848323,0.115347825121983
s207,none,gcm,3.09887214077842,0.504036518210714,0.183381661579594,0.0453536469186157
s207,none,gcm_disc,-4.51191715953838,0.717855706267156,0.237049532215965,0.0854519251885615
s207,none,gcm_disc_unidim,-11.8165828466642,0.969244238572924,0.317665139354177,0.15654475838484
s207,none,gcm_unidim,-11.128335185965,0.877204638009257,0.306828666930997,0.149212487734931
s208,50,gcm,6.35063765438234,0.339415771203312,0.14388476295934,0.0292194145646152
s208,50,gcm_disc,1.31364430429094,0.459265458901887,0.185113632826313,0.0503039036996536
s208,50,gcm_disc_unidim,-6.7982132710084,0.694062766513108,0.266166607204592,0.115001880903797
s208,50,gcm_unidim,-8.58276639598546,0.75972172751959,0.305265801605754,0.137673167403579
s208,none,gcm,5.52188093731642,0.746123566164909,0.153012598347938,0.035892305815
s208,none,gcm_disc,-0.204576898543534,1.33123153517891,0.197852319411342,0.0601379932345253
s208,none,gcm_disc_unidim,-13.2738272576212,2.51346539877083,0.338013710710598,0.174666982095257
s208,none,gcm_unidim,-13.8116683508216,2.30326743958009,0.342340474954064,0.182771926269661
s209,50,gcm,-8.30832215685818,40400676381846.2,0.266911228262489,0.128437527874943
s209,50,gcm_disc,-10.1238409185578,65762511376136.2,0.313582834400511,0.147369396371198
s209,50,gcm_disc_unidim,-14.8378477278224,70886637996991,0.370030696669228,0.226919267026794
s209,50,gcm_unidim,-16.2782654997103,53644308082946.8,0.394504004540768,0.25877102809357
s209,none,gcm,-12.4929548190851,2.11370692768993,0.366004814431556,0.167337765095788
s209,none,gcm_disc,-11.8615424327243,2.3268149257618,0.3306607563222,0.155536228388823
s209,none,gcm_disc_unidim,-12.6218599759194,2.50495338499212,0.310794610608695,0.16897863796345
s209,none,gcm_unidim,-14.7349441753541,2.45406982966757,0.359917977374787,0.201962355306576
s210,50,gcm,-1.356100324176,1.54979867313846,0.184122720270703,0.0636428188349336
s210,50,gcm_disc,-8.12007186490297,3.08238319207605,0.278979148120045,0.118392879054378
s210,50,gcm_disc_unidim,-17.4246934855833,5.74487952889622,0.396925097010331,0.266179473466551
s210,50,gcm_unidim,-16.9064008801057,5.01657333501949,0.37109861038663,0.255667136215865
s210,none,gcm,11.0614309523473,11086435572784.8,0.117768012899909,0.0219277437959285
s210,none,gcm_disc,-5.48784763447313,32417908394691.3,0.271663146552166,0.0925870047184956
s210,none,gcm_disc_unidim,-15.2011910426335,87551745233921,0.353116871721515,0.209749109473914
s210,none,gcm_unidim,-14.6346247234174,79040279382338.7,0.306141488709815,0.199823011514107
s211,50,gcm,4.0683031203702,26357501220646.1,0.169988183154197,0.0403622479993053
s211,50,gcm_disc,-8.71400191813725,54238383584782.3,0.311801244793872,0.126428875618701
s211,50,gcm_disc_unidim,-12.3239380670681,61375793101908.2,0.34269431307443,0.174082436457763
s211,50,gcm_unidim,-9.87891996562709,47737711702903.7,0.273083385200515,0.14121048699775
s211,none,gcm,16.254183848762,0.21659193508229,0.0966087330144985,0.0151680979812209
s211,none,gcm_disc,6.38945759357999,0.376162733466698,0.163761399334101,0.0345299661763645
s211,none,gcm_disc_unidim,-7.72681117421711,0.616287267669436,0.252399898037895,0.110762891300147
s211,none,gcm_unidim,-8.40431353341868,0.623770087420786,0.276663747098053,0.11735088634424
s212,50,gcm,-0.286295025887984,0.613952362269941,0.211310409920988,0.0589731975071089
s212,50,gcm_disc,2.20883934592606,0.595569723514817,0.153639564184901,0.0463637596280573
s212,50,gcm_disc_unidim,-6.59518333795305,0.906926659252459,0.250249312345596,0.0989106491848317
s212,50,gcm_unidim,-9.81014510315254,0.983934930607081,0.306959042292135,0.132120190395053
s212,none,gcm,3.63451729597456,0.333246624395078,0.180845814703764,0.043304748846765
s212,none,gcm_disc,20.9716431543719,0.125575324299832,0.0746211724028434,0.0101200776626672
s212,none,gcm_disc_unidim,3.62940497172813,0.284109159922381,0.172699526748364,0.0442481016512358
s212,none,gcm_unidim,-4.35793375848711,0.465763618005156,0.262738407207952,0.0844433113287516
s213,50,gcm,4.36736648833494,0.438869980766644,0.15978493248292,0.0398154552273729
s213,50,gcm_disc,-4.97759177047708,0.740477353009411,0.258675779379641,0.0891588288539087
s213,50,gcm_disc_unidim,-10.8993719885391,0.97163327283727,0.316446617273662,0.149987673409293
s213,50,gcm_unidim,-10.4865402051677,0.889013400468142,0.298654547731135,0.144092880972916
s213,none,gcm,10.0616389269263,0.383792684734667,0.122794459417451,0.024774254493819
s213,none,gcm_disc,-6.77559430939098,0.968219877280741,0.2923790189161,0.103484836596475
s213,none,gcm_disc_unidim,-12.334764577065,1.25530520157751,0.328409027126136,0.163138550234657
s213,none,gcm_unidim,-9.96883713549277,1.0110878825983,0.258208802704747,0.134155841401125
s214,50,gcm,-3.17862141224874,1.09089198331342,0.205225463478734,0.0737910333738668
s214,50,gcm_disc,-3.94774018411739,1.52258108473,0.215148964340988,0.082298983909168
s214,50,gcm_disc_unidim,-16.2378601251781,2.68734955328737,0.35024024253075,0.223930492313399
s214,50,gcm_unidim,-16.8581739081066,2.59359930084541,0.370550287126989,0.234140120050845
s214,none,gcm,-1.53405603848575,2.24475368052402,0.164502573000512,0.0641432644089332
s214,none,gcm_disc,9.91640479360689,4.75732381569302,0.120715922909074,0.0236615416819436
s214,none,gcm_disc_unidim,-13.8487591371301,9.0743553467263,0.29865095497656,0.192413160242951
s214,none,gcm_unidim,-14.4033174378457,6.45748646950655,0.292740560959786,0.200754334892118
s215,50,gcm,5.54816984214824,0.589920156298211,0.148013444741746,0.0328789904687865
s215,50,gcm_disc,0.51664355874218,0.785291945949267,0.1853933796294,0.0531142956271917
s215,50,gcm_disc_unidim,-9.84674275536848,1.14083365866315,0.267102726169227,0.140614318156557
s215,50,gcm_unidim,-10.5251280494179,1.22972581036968,0.295350260093331,0.14894967424571
s215,none,gcm,9.62494155276212,0.278265419756541,0.0954633410858155,0.0188429162501065
s215,none,gcm_disc,-2.00091430661467,0.825107069096805,0.241721645636292,0.0690002818647193
s215,none,gcm_disc_unidim,-10.6481449004598,1.10525099174887,0.285370012313833,0.143074188454208
s215,none,gcm_unidim,-9.65595900138529,0.93243133092953,0.264074955429504,0.1325013841679
s216,50,gcm,7.73180560614586,0.314818228164234,0.126013462406858,0.0261471255921026
s216,50,gcm_disc,-1.09644627723345,0.548576603454543,0.21273055791952,0.0638252988402567
s216,50,gcm_disc_unidim,-8.97802388724553,0.781099550074596,0.284092714094296,0.141588357493572
s216,50,gcm_unidim,-9.38201460294912,0.805070698518657,0.294132712071514,0.148367302893525
s216,none,gcm,14.5732907255612,18955423216868.4,0.102227986470576,0.016344552396914
s216,none,gcm_disc,-2.86376609548564,43521204237184,0.241216660589734,0.0741235504357458
s216,none,gcm_disc_unidim,-12.4981227584085,76474306425051.7,0.319898892247514,0.165289964651009
s216,none,gcm_unidim,-11.5627364307038,76226006065977.5,0.283278189258593,0.152035181208721
s217,50,gcm,8.06389219654561,3.62502553146606,0.15518139599445,0.0298581001337424
s217,50,gcm_disc,-10.8351381176046,9.03769501827211,0.359090297866313,0.143565688037167
s217,50,gcm_disc_unidim,-15.8733578458989,14.0162965320411,0.39572699003665,0.22099138033351
s217,50,gcm_unidim,-12.9458307348387,11.8677841053183,0.289462445135159,0.173781054368198
s217,none,gcm,13.7645074941954,0.377993253356943,0.103857985108612,0.018095235139231
s217,none,gcm_disc,-5.59611445777803,1.18240633407225,0.277420107811693,0.0937910720769623
s217,none,gcm_disc_unidim,-15.592114461102,1.98885234334529,0.358622189476555,0.21479467024899
s217,none,gcm_unidim,-14.6497225978493,1.77345614264479,0.319585360356103,0.19831534826706
s218,50,gcm,9.37684532358221,0.191975721233792,0.119000292888438,0.0240866257923849
s218,50,gcm_disc,8.88856999124664,0.219509126462347,0.1302626071545,0.0275756690725075
s218,50,gcm_disc_unidim,9.14761292626823,0.217622679297111,0.130271328426484,0.0272053177326669
s218,50,gcm_unidim,8.66166968021157,0.195815451319512,0.121103384250589,0.0262844606195643
s218,none,gcm,10.9334638891205,0.172067631915985,0.113680937707493,0.0217486112284009
s218,none,gcm_disc,9.77663886536622,0.189572648931153,0.119426241307448,0.0260559911075166
s218,none,gcm_disc_unidim,7.21384112545747,0.219346971551971,0.143659281582683,0.0327686973139778
s218,none,gcm_unidim,6.20851293282019,0.231741577086689,0.157172782466571,0.0350685439319577
s219,50,gcm,7.31205335889241,0.308767967276826,0.137427640311917,0.0311686335520243
s219,50,gcm_disc,-5.21800204524165,0.627695063050384,0.271266927613052,0.0901996039463086
s219,50,gcm_disc_unidim,-12.0617873967471,0.848163735322172,0.330299849429972,0.159131568651884
s219,50,gcm_unidim,-10.7641637104068,0.753757841321306,0.284622329149844,0.142682152972257
s219,none,gcm,11.1472771107641,0.389259980315957,0.128218002109795,0.0230007670994633
s219,none,gcm_disc,-2.47229178140704,0.763614942312053,0.234612684119281,0.0718920503981069
s219,none,gcm_disc_unidim,-9.21746163076676,0.963769964581209,0.280138047044209,0.126251950287285
s219,none,gcm_unidim,-8.52755954736938,0.860507530100763,0.272391089812223,0.120285204786993
s220,50,gcm,10.7419984558524,0.220365239797488,0.130850282248205,0.0231713036444002
s220,50,gcm_disc,-0.0476273107964467,0.356927995416887,0.209614968340192,0.0581835348275994
s220,50,gcm_disc_unidim,-4.8102277738641,0.44293159479257,0.245504669073292,0.0878946892563992
s220,50,gcm_unidim,-4.17720041806158,0.42538130490125,0.230494975964145,0.0826693494938564
s220,none,gcm,-3.06015465865697,5.0958259939068,0.217052918357305,0.0730544922491255
s220,none,gcm_disc,-0.484457721209125,5.35760390785845,0.204865462315762,0.0589009065495721
s220,none,gcm_disc_unidim,-12.7085735173258,7.57010361193021,0.339094758087076,0.164446391983336
s220,none,gcm_unidim,-14.4380415872714,4.82272854755995,0.380419367744397,0.190691465032251
s221,50,gcm,4.92651994425099,0.393546631250474,0.168390470174587,0.0379019343728263
s221,50,gcm_disc,3.37624802865196,0.366882415828851,0.154081760727282,0.043096912535425
s221,50,gcm_disc_unidim,-8.37035355387886,0.599173423149713,0.236685714719037,0.126003586748527
s221,50,gcm_unidim,-10.8474527288728,0.834062507841245,0.336113943294236,0.153909248879631
s221,none,gcm,8.45700584145274,0.461511353488783,0.132884015042104,0.0284516307112013
s221,none,gcm_disc,3.84396483750837,0.622375398585239,0.17039379377887,0.0419943672400852
s221,none,gcm_disc_unidim,-11.952180120348,1.1027434795582,0.282227284540404,0.156687600432025
s221,none,gcm_unidim,-13.1876242430399,1.21724756469828,0.324533801052996,0.172608891614244
s222,50,gcm,9.27816604215006,0.403890091268216,0.126408481506625,0.0261582967610829
s222,50,gcm_disc,4.46719328502854,0.68172567150721,0.169500271539122,0.0404322807781845
s222,50,gcm_disc_unidim,-12.6066524790469,1.32233968557393,0.28686955239851,0.171634711788295
s222,50,gcm_unidim,-13.9998157360971,1.38400487489391,0.328353773581001,0.190298815144686
s222,none,gcm,4.60141956322424,6668249596847.84,0.150539908832873,0.0394648577586905
s222,none,gcm_disc,2.70702860914451,27026717660542.7,0.158915011560116,0.0443600006458682
s222,none,gcm_disc_unidim,-12.2593643887987,34608223113268.7,0.307345130391563,0.164351175098482
s222,none,gcm_unidim,-12.8045510092814,8302985568335.3,0.320916155386151,0.171101524596284
s223,50,gcm,9.15462999577695,0.424590401959452,0.130412972736766,0.0268355486192579
s223,50,gcm_disc,-2.43596577629882,0.714530339875008,0.226299373500222,0.0717778022643557
s223,50,gcm_disc_unidim,-9.02778708131601,0.903312520059455,0.290850134297953,0.128992427713209
s223,50,gcm_unidim,-7.73974939141408,0.777559700362944,0.266290186141786,0.119141329913072
s223,none,gcm,19.1660100932248,0.173386869966316,0.0905539855441908,0.011786804598067
s223,none,gcm_disc,4.3348092172955,0.34347999327629,0.180785056659037,0.0417342169721451
s223,none,gcm_disc_unidim,-6.18864387333786,0.490213346111107,0.2398272291745,0.0977628461719076
s223,none,gcm_unidim,-6.04666113289956,0.50839654648276,0.250231067414643,0.0970171818880354
s224,50,gcm,9.15230715955479,0.374844394601229,0.132891994222789,0.0250207185108342
s224,50,gcm_disc,-8.79880670962837,1.01843942114228,0.328300188773876,0.120785250088402
s224,50,gcm_disc_unidim,-12.6314573854598,1.22317756583019,0.351262693016838,0.171058390662701
s224,50,gcm_unidim,-9.17036077842907,0.84250787311253,0.240126558328617,0.129227188628218
s224,none,gcm,15.3075006643344,0.239463068610051,0.100108016832648,0.0162496325224182
s224,none,gcm_disc,-5.79299859962063,0.745907420990381,0.287134773719538,0.0949022572312458
s224,none,gcm_disc_unidim,-9.84329944397562,0.856112570550668,0.315135474342252,0.133228566182782
s224,none,gcm_unidim,-5.84913579899828,0.554414210750656,0.214108533978533,0.0956781620504219
s225,50,gcm,0.213215135320156,0.607170844891658,0.192371089613698,0.053378870650517
s225,50,gcm_disc,-5.21332697963095,0.909966602149051,0.246359996088613,0.0925609431277787
s225,50,gcm_disc_unidim,-10.8844723573118,1.22478210783844,0.306523513938708,0.160531104406303
s225,50,gcm_unidim,-11.350102132557,1.17204930290913,0.320948030053178,0.165561947857281
s225,none,gcm,-9.65579084874356,24614768744727.1,0.298786949012756,0.128110593441323
s225,none,gcm_disc,-3.82462332778936,45602962188133.8,0.241101763391876,0.0800806280576781
s225,none,gcm_disc_unidim,-12.8960781430152,67932760146949.4,0.343893534361072,0.168049738265473
s225,none,gcm_unidim,-17.1467912773616,55354080701913.3,0.414923484878538,0.235614446152639
s226,50,gcm,8.24580983452359,0.266903343079835,0.128465210266017,0.0248461816652997
s226,50,gcm_disc,-0.354326056717515,0.467620002362691,0.209374053194881,0.0597519032850062
s226,50,gcm_disc_unidim,-6.92802834600548,0.618083381487138,0.264720493536894,0.111096044086452
s226,50,gcm_unidim,-6.04745566623013,0.565083542314301,0.257580867375445,0.103635631672156
s226,none,gcm,2.78678596595156,0.481944071733056,0.184160722864976,0.0461845248475472
s226,none,gcm_disc,13.2836846958127,0.247377453727228,0.111022478853165,0.0193844066089675
s226,none,gcm_disc_unidim,-2.22988661452031,0.456404924336124,0.208871156513521,0.0703696778141645
s226,none,gcm_unidim,-8.02352018301823,0.690357895759805,0.294374545107338,0.113243418337406
s227,50,gcm,5.36583878615184,0.565831920810888,0.138703923788701,0.0353549361404611
s227,50,gcm_disc,-5.93375709506129,1.31757343070227,0.278266727464661,0.0976834598049629
s227,50,gcm_disc_unidim,-11.5572927264846,1.62266474033694,0.315552309700006,0.156897099701874
s227,50,gcm_unidim,-9.70074185371838,1.19971403474221,0.250118772782611,0.135648958215385
s227,none,gcm,10.194864665394,0.608457346215417,0.124351922275239,0.024046802370358
s227,none,gcm_disc,-0.287726358290217,1.27012712381912,0.203265275610831,0.0598508637568505
s227,none,gcm_disc_unidim,-11.3207274584991,1.60856500400361,0.305474465129411,0.150103646108418
s227,none,gcm_unidim,-10.9766161956914,1.10133790878785,0.292769388711685,0.146375807167578
s228,50,gcm,9.32555257282013,0.244489702999271,0.1333579691554,0.0260242409264793
s228,50,gcm_disc,10.7784004642963,0.222956987448667,0.122577610325708,0.0240983963251802
s228,50,gcm_disc_unidim,6.5566682823537,0.241148123292417,0.139607325989618,0.0335104462039679
s228,50,gcm_unidim,2.67063051638144,0.332216911358635,0.184622577809486,0.0466530586848884
s228,none,gcm,10.3195222497529,1.0300781903128,0.125519195041219,0.0236280536589317
s228,none,gcm_disc,0.0965772004999509,1.89033053409805,0.201229763752447,0.0579890376002342
s228,none,gcm_disc_unidim,-5.20596541042515,2.01897297290865,0.233756968732668,0.0902178744733947
s228,none,gcm_unidim,-2.0810573221633,1.2815616808359,0.209570276858372,0.0700236879245829
s229,50,gcm,-1.0725673435846,3.14208543208118,0.210388090851287,0.064058972283616
s229,50,gcm_disc,-10.1591768164244,4.86626490214343,0.326795900098161,0.140111273888723
s229,50,gcm_disc_unidim,-14.2781548482314,5.85962589639951,0.366105769998427,0.195179890465314
s229,50,gcm_unidim,-12.5735951118824,5.28100961797598,0.306751984427157,0.169294370686753
s229,none,gcm,-1.36659692875981,0.953999696905107,0.199062923286012,0.0647198293018468
s229,none,gcm_disc,6.36973106000457,0.83132175928225,0.151826754783145,0.0344163116530563
s229,none,gcm_disc_unidim,-10.9322987616302,1.5075924460769,0.305997913378325,0.145805870844752
s229,none,gcm_unidim,-13.1245812359171,1.48384113804635,0.333515612724585,0.174079926196415
s230,50,gcm,2.45418520794946,0.450832753445773,0.147091961423731,0.0428855892099196
s230,50,gcm_disc,-2.68191901360895,0.828387505954921,0.216548129723797,0.0755233757898905
s230,50,gcm_disc_unidim,-11.1372773402071,1.21462945921651,0.281022623571355,0.165903051404662
s230,50,gcm_unidim,-10.9769896150759,1.15830822754611,0.285547700295536,0.164998168972349
s230,none,gcm,23.2930495521115,0.188808758784143,0.0587302969425607,0.00671165724348538
s230,none,gcm_disc,6.07658494155248,0.824801487612831,0.183002465274621,0.0354471167323561
s230,none,gcm_disc_unidim,-13.4533098925574,1.63125960394477,0.29827178500179,0.177167680840641
s230,none,gcm_unidim,-13.5571431828213,1.43981266464029,0.289958565621683,0.179876685234468
s231,50,gcm,2.82544013533198,0.415701376926307,0.173215474504018,0.0461425986772554
s231,50,gcm_disc,-2.59329696475143,0.568364145700139,0.209904458380132,0.0729968165457866
s231,50,gcm_disc_unidim,-2.70031269691651,0.554268004862057,0.201708250876307,0.0733460694464335
s231,50,gcm_unidim,-0.0231323069407234,0.425131907479822,0.170425372065217,0.0554217410430507
s231,none,gcm,0.863078260199196,21032391640790.1,0.184779124396775,0.0534407383368379
s231,none,gcm_disc,-1.44595326848557,44460309459333.6,0.20890857573437,0.065908492410729
s231,none,gcm_disc_unidim,-5.35447244087108,45694246194771.6,0.258406517549921,0.0926678257308236
s231,none,gcm_unidim,-5.66082606198948,19224805702050.2,0.256942629527911,0.0933874005942999
s232,50,gcm,6.65665470967592,0.702576042920527,0.140672458370407,0.0337929410251437
s232,50,gcm_disc,-5.10304094330277,1.76484207791493,0.254222203481139,0.0909736532520851
s232,50,gcm_disc_unidim,-13.3547142859808,2.67138837131239,0.330743906756141,0.186285606663151
s232,50,gcm_unidim,-12.2971531508179,2.18527656299286,0.287681038522744,0.169647415690128
s232,none,gcm,-0.22451163410436,1.85605705959349,0.18620168195259,0.0549783407141997
s232,none,gcm_disc,4.69312227298973,3.80990637410206,0.158192196923255,0.0395807900405922
s232,none,gcm_disc_unidim,-14.006341360498,7.60969328810919,0.317887397146435,0.187543816258817
s232,none,gcm_unidim,-15.0440064440535,4.94009931184942,0.349215854957484,0.203421897834268
s233,50,gcm,10.2477102525251,0.262958802795816,0.116907650117123,0.0236864227078101
s233,50,gcm_disc,-1.56320167586468,0.527333392932719,0.216527457539215,0.0670385542695986
s233,50,gcm_disc_unidim,-6.83301349671508,0.643698098622109,0.261298799236592,0.10553309135521
s233,50,gcm_unidim,-5.69156151846691,0.510166099051822,0.221604116858523,0.0909021301159624
s233,none,gcm,4.85674413063849,0.355059858992084,0.156734854363095,0.0382034581000068
s233,none,gcm_disc,-1.42427027671041,0.526450960825724,0.218700492455789,0.0651798129055677
s233,none,gcm_disc_unidim,-8.24639763110747,0.701996053630592,0.279177350516325,0.113893466084892
s233,none,gcm_unidim,-8.8996370301812,0.66656396441307,0.264161774373517,0.118071747879849
s234,50,gcm,4.53108817900555,0.413653516779425,0.158928083722816,0.0364657294877348
s234,50,gcm_disc,0.833481676236933,0.520752572186304,0.191163614664992,0.0533176575793379
s234,50,gcm_disc_unidim,-6.50028682762959,0.708360018277919,0.261819568624574,0.111192975909613
s234,50,gcm_unidim,-8.24084700499662,0.791636217704521,0.305099890607427,0.130336432223934
s234,none,gcm,2.94647983001927,0.476372123555348,0.176259130317714,0.0457457234449853
s234,none,gcm_disc,10.5419547469408,0.40142842443838,0.126058484611154,0.0248151665075355
s234,none,gcm_disc_unidim,-6.76714528883485,0.740002108541992,0.255738247133074,0.105213592878445
s234,none,gcm_unidim,-9.6610306049363,0.787007194491887,0.30502185864203,0.133831935660493
s235,50,gcm,-2.03532821085214,0.872104202916399,0.211455669213442,0.0712561896208855
s235,50,gcm_disc,-3.28676981212834,1.18626208163774,0.233882537353128,0.0789516913951795
s235,50,gcm_disc_unidim,-9.73950808904129,1.68534981030803,0.315208618094545,0.139284017896663
s235,50,gcm_unidim,-11.3076144140711,1.60716381096524,0.324344146649946,0.158798781390579
s235,none,gcm,-6.32094975970649,28856602008114.5,0.247588940717913,0.100289373148157
s235,none,gcm_disc,2.69239874168574,47043345219934.6,0.17279585750594,0.0482879596599475
s235,none,gcm_disc_unidim,-4.79413483086653,47786166731909.6,0.270088325804771,0.0906756221774355
s235,none,gcm_unidim,-11.6402205605395,27727908121858.3,0.334003915669315,0.157245206157686
s236,50,gcm,1.85451965351356,0.518265771941555,0.168736039054862,0.0411268001376201
s236,50,gcm_disc,-5.03665334406593,0.963564893495782,0.248784612716941,0.093811976126885
s236,50,gcm_disc_unidim,-13.3161290244188,1.53914012413822,0.351735991614559,0.191617315337742
s236,50,gcm_unidim,-13.1615868087582,1.39202909107819,0.34558957958469,0.185567967453795
s236,none,gcm,5.38565396569014,2.00804243152174,0.152465373444686,0.0348388755240848
s236,none,gcm_disc,2.80652902284653,4.980608881511,0.171258686102599,0.0453534331569792
s236,none,gcm_disc_unidim,-11.2173598140161,6.14211135330215,0.285068597386171,0.146482880274838
s236,none,gcm_unidim,-11.623621509473,2.75856177892968,0.309964510252284,0.155649529589835
s237,50,gcm,6.99219763018704,0.51909732795768,0.128737375514701,0.0311368410729018
s237,50,gcm_disc,0.995082154563131,1.59140583516761,0.194871802987542,0.0535671452281919
s237,50,gcm_disc_unidim,0.304581796350316,1.51409280644113,0.183822322298145,0.0567243790853439
s237,50,gcm_unidim,4.06740634259042,0.475498726272107,0.131019003646752,0.0413488041368883
s237,none,gcm,6.90026227532603,0.510624645139055,0.143695937213043,0.030606978239705
s237,none,gcm_disc,-2.0864422988877,0.970410671777867,0.220815122442724,0.0704188009026517
s237,none,gcm_disc_unidim,-8.93786126376551,1.1590168019134,0.280767515995209,0.125593322725483
s237,none,gcm_unidim,-8.20289040737186,0.900367726252635,0.277565304156931,0.118786952456879
s238,50,gcm,2.52844606002408,1.34730218770321,0.180897686308592,0.0458886704760964
s238,50,gcm_disc,-9.63752748377942,2.75932435377491,0.32488567124525,0.135032635399568
s238,50,gcm_disc_unidim,-14.2716814527011,3.73045715696748,0.378464852312684,0.20310573901706
s238,50,gcm_unidim,-12.1282213009234,2.84500427019168,0.310365042987502,0.16775721843561
s238,none,gcm,8.4669886186501,0.434353199555057,0.128233646191075,0.0280116200420271
s238,none,gcm_disc,-3.77113300165634,0.875315022384245,0.246479911508122,0.0794125277963269
s238,none,gcm_disc_unidim,-11.1950185931664,1.17815844172554,0.299087888081505,0.14812347795207
s238,none,gcm_unidim,-10.4430036525351,1.03582033855742,0.273023885788916,0.138490041815122
s239,50,gcm,3.58757185834868,1.77530040207054,0.175099604346619,0.0411802435214215
s239,50,gcm_disc,-8.69538996996415,3.28953320284874,0.326782312270902,0.132337903693449
s239,50,gcm_disc_unidim,-10.9765094152559,3.73134683771033,0.338609151152884,0.158651950248303
s239,50,gcm_unidim,-7.96124603362574,2.99672641053518,0.242774868350281,0.11140356279531
s239,none,gcm,19.0954740304634,0.196994035153818,0.0929871406307913,0.0116717101539517
s239,none,gcm_disc,2.04315734840489,0.494728743261978,0.190662345469022,0.0493020208208705
s239,none,gcm_disc_unidim,-6.56599094087468,0.666398907405854,0.253942318178777,0.100454960105719
s239,none,gcm_unidim,-5.61746064454375,0.541969096596158,0.234742988476147,0.0937079415470356
s240,50,gcm,6.33437290830556,0.588365294539908,0.149432258899602,0.0335990356897125
s240,50,gcm_disc,-11.1758302445524,1.5617978512088,0.369156756617571,0.150953917216553
s240,50,gcm_disc_unidim,-15.0327507152806,1.92680943072258,0.398015174963569,0.21034923970116
s240,50,gcm_unidim,-11.2369648325241,1.2588919661487,0.271300171333276,0.152925443859335
s240,none,gcm,15.3599848361889,0.520343204001958,0.106655602026503,0.0167838510808954
s240,none,gcm_disc,-6.54347270568387,1.4398454110878,0.30046787275331,0.101320905712287
s240,none,gcm_disc_unidim,-11.5155822966267,1.63860919234738,0.331406654921709,0.15343656590279
s240,none,gcm_unidim,-8.30148780214554,0.947326990268527,0.231281719715942,0.117549909273562
s241,50,gcm,1.82563254768791,0.787022701394182,0.166918247423456,0.0486570046690924
s241,50,gcm_disc,-4.57455729216968,1.1282142108653,0.249787683103644,0.0851580268763148
s241,50,gcm_disc_unidim,-10.777481912239,1.5494233642779,0.330033196528378,0.153164946636344
s241,50,gcm_unidim,-10.6494952060521,1.43590691476989,0.303464720091417,0.149567296584694
s241,none,gcm,3.45120426481541,0.53358606274535,0.163112356824384,0.0393694934331157
s241,none,gcm_disc,-5.09205021347104,0.936370529688746,0.255182460824227,0.0902955989252022
s241,none,gcm_disc_unidim,-11.4049651675427,1.24537452996673,0.312049627453897,0.148439330154771
s241,none,gcm_unidim,-11.3283883185709,1.11327000611658,0.289883483914824,0.143882762783047
s242,50,gcm,15.1968948141808,0.217852463832043,0.0944192158840795,0.0154501994846429
s242,50,gcm_disc,-1.29223431852867,0.54729491398194,0.231422850318235,0.0652788408506405
s242,50,gcm_disc_unidim,-9.82382753466215,0.736686524253245,0.28350709638975,0.133706832561497
s242,50,gcm_unidim,-8.5387823414002,0.640140494461226,0.256395470374685,0.1196557976195
s242,none,gcm,23.291804016422,0.207794751895574,0.0688005895478041,0.00810654876432772
s242,none,gcm_disc,2.80594696098091,0.622973394746071,0.199520606278103,0.046240181827819
s242,none,gcm_disc_unidim,-9.78871922272134,0.910266714805527,0.277672984875119,0.132780333873746
s242,none,gcm_unidim,-9.69087294283121,0.817639284552097,0.270602352104935,0.131671124869139
s243,50,gcm,6.03365089756525,0.507586016799618,0.155402641500309,0.0349582409927433
s243,50,gcm_disc,-6.24014213478963,0.990039664219827,0.272537937733698,0.0994036277013219
s243,50,gcm_disc_unidim,-10.095911581148,1.12270075574317,0.28562429495496,0.132297342115097
s243,50,gcm_unidim,-8.30706486863054,0.91188206342899,0.253141509880455,0.115359644215436
s243,none,gcm,7.45290324943785,0.479839422026512,0.146153509188355,0.0305562796635003
s243,none,gcm_disc,-7.81784530996108,1.02810931735004,0.303929569162559,0.111901722556632
s243,none,gcm_disc_unidim,-10.9395330119927,1.18553591274095,0.313815241957411,0.145622734002162
s243,none,gcm_unidim,-7.85502298578876,0.908590689582086,0.226612033116949,0.111034276577433
s244,50,gcm,1.55145264213707,1.15207310861165,0.175637140682568,0.0505376202341149
s244,50,gcm_disc,-8.95883311929216,2.93367765129897,0.308882216606459,0.124098630752864
s244,50,gcm_disc_unidim,-16.7608694867818,4.66566552162329,0.392495154608945,0.238043618124245
s244,50,gcm_unidim,-15.4814925255147,3.22369965184144,0.337164995832232,0.212893014455624
s244,none,gcm,2.27975091987571,0.753592858806816,0.161426766126186,0.0468116701872842
s244,none,gcm_disc,9.88887186455566,0.868433810225062,0.12332234393865,0.0242610745133412
s244,none,gcm_disc_unidim,-13.2447749280608,1.85110079513355,0.296996180679674,0.176366411661311
s244,none,gcm_unidim,-14.2665219215323,1.76256715072374,0.323603190237024,0.191944586436264
s245,50,gcm,-7.08336977945281,1.98257440748348,0.268599600683361,0.112204969817496
s245,50,gcm_disc,-5.39439430618978,3.10177958240238,0.253422558873812,0.0965806923441956
s245,50,gcm_disc_unidim,-6.14206406014232,3.12623460014531,0.2575242449221,0.109254601510768
s245,50,gcm_unidim,-7.97147123408284,1.78481577875624,0.269446160572927,0.127727310406496
s245,none,gcm,-4.50450885556584,11717699756501.8,0.217338985874875,0.0758084962982494
s245,none,gcm_disc,-9.92435354730653,34467309854202.6,0.307406925765692,0.130749226542447
s245,none,gcm_disc_unidim,-17.9376870794157,57147374354438.1,0.392625268137261,0.250027301010861
s245,none,gcm_unidim,-17.8886954160548,39128586951806,0.382323083215581,0.245508563902236
s246,50,gcm,-2.35673253959995,2.19713098306941,0.202015045188578,0.0700579729352819
s246,50,gcm_disc,1.62124046066781,1.54795746293891,0.183623920911568,0.0501987374860905
s246,50,gcm_disc_unidim,-3.99483193887507,1.89288013976503,0.251149106048257,0.0855163906631322
s246,50,gcm_unidim,-7.8064454779579,2.47328903395003,0.272789126393163,0.114838678400924
s246,none,gcm,-10.4025946756072,69415286277527.2,0.286711096066878,0.137611818038663
s246,none,gcm_disc,0.0961475052955922,42273316173591.8,0.19516453302051,0.0580029215570975
s246,none,gcm_disc_unidim,-6.51492214824621,49204037868339.3,0.281060490536307,0.0999028109164487
s246,none,gcm_unidim,-13.6506909109683,75198589768246.7,0.350051765800636,0.180288669461344
s247,50,gcm,4.50911436947239,0.282884609659262,0.159044522814514,0.0382809845067784
s247,50,gcm_disc,6.85232177971037,0.260912777155908,0.147125411050885,0.0312242280436411
s247,50,gcm_disc_unidim,-1.87907925120589,0.370365876266374,0.20669790633434,0.0659706627913952
s247,50,gcm_unidim,-3.94399658040068,0.433498775887689,0.2423939788411,0.0820332087140767
s247,none,gcm,-2.45256122547708,25329948724975.6,0.221038201986729,0.0684044804146906
s247,none,gcm_disc,1.05306516655885,46973078742170.6,0.179798052813428,0.05358741188337
s247,none,gcm_disc_unidim,-7.03095061917622,50408720095499.2,0.279587228438405,0.108012380765706
s247,none,gcm_unidim,-10.5146732851735,27095038965028.4,0.318291068248861,0.141617749181482
s248,50,gcm,-8.47508045382243,1.09581212919663,0.305849726339606,0.131404768466535
s248,50,gcm_disc,-5.92537032791936,0.985445136009328,0.261273977057149,0.0950191672934976
s248,50,gcm_disc_unidim,-8.66664199525539,1.0782871194854,0.28405615581693,0.11426820099201
s248,50,gcm_unidim,-11.2027945315988,1.25978999771584,0.341794862218915,0.169745108869569
s248,none,gcm,4.74835062997958,0.297004156971289,0.152537429952869,0.0363589287004475
s248,none,gcm_disc,1.77579366835703,0.372588386395142,0.187592608311321,0.0496262015526441
s248,none,gcm_disc_unidim,-5.51728925917193,0.493964826862888,0.239624040519796,0.0915930006828711
s248,none,gcm_unidim,-6.64103782573882,0.537021523801743,0.271170417719212,0.102647222831255
s249,50,gcm,11.4287638710639,0.426435327570494,0.110282918730218,0.0201847569528599
s249,50,gcm_disc,-0.111323901133333,1.02816821485514,0.208719962001802,0.0581510543947703
s249,50,gcm_disc_unidim,-11.5068551143469,1.73107161084921,0.306122919922413,0.160508452046962
s249,50,gcm_unidim,-11.2955090639581,1.57041637288494,0.290293142594315,0.160213281910474
s249,none,gcm,13.2859552974445,0.802622110006638,0.105610591766093,0.018105189863184
s249,none,gcm_disc,-1.69872695540687,1.83880189393678,0.221892428124835,0.0668988529682203
s249,none,gcm_disc_unidim,-10.2479712774252,2.51077014452667,0.294869108873062,0.139592676532686
s249,none,gcm_unidim,-9.18448046640543,1.85788441966248,0.26467872228674,0.126672679337337
s250,50,gcm,-4.29528175222257,0.724431473800708,0.237156810561829,0.0827961017868583
s250,50,gcm_disc,-9.98529572936883,1.04772545697094,0.327149530162278,0.138248711228692
s250,50,gcm_disc_unidim,-14.5577288259035,1.45281181946526,0.384132300546902,0.204456647338677
s250,50,gcm_unidim,-13.345960678262,1.27346400375541,0.325020130143874,0.182321614256503
s250,none,gcm,-2.27662656073352,0.693945347728941,0.224570358288733,0.0710074149816321
s250,none,gcm_disc,-5.7556657321611,0.862644080593878,0.234450198801265,0.088446857102665
s250,none,gcm_disc_unidim,-12.4629809284175,1.25546846250988,0.323474834018042,0.165551366223054
s250,none,gcm_unidim,-12.8556456619575,1.23135216038632,0.348759482499287,0.174158372256445
s251,50,gcm,-0.907608825488196,26886671459389.2,0.203423875286858,0.0597137716181235
s251,50,gcm_disc,-9.89215492534228,54143955696055.1,0.314751933994078,0.134939667661248
s251,50,gcm_disc_unidim,-14.3168039758486,85135308465849.1,0.359238379590594,0.193638715245205
s251,50,gcm_unidim,-12.8091759699843,89914965273974.7,0.301232973012783,0.16625737618231
s251,none,gcm,1.34581804418477,5.82423369958355,0.189110001671551,0.0519242682810068
s251,none,gcm_disc,-10.9369561136978,11.1581783018518,0.342548791232693,0.145300528116642
s251,none,gcm_disc_unidim,-16.6895661977961,14.3534340703691,0.397568228308069,0.234623521115656
s251,none,gcm_unidim,-15.649174164289,12.4259680375608,0.347869863520431,0.212734072240673
s252,50,gcm,1.55524928511671,0.59428950708959,0.178134384353108,0.0493617589710273
s252,50,gcm_disc,-4.66135654156306,0.940586557585527,0.24716174015234,0.0851993697480678
s252,50,gcm_disc_unidim,-12.0524817310367,1.28710871237907,0.326566768120124,0.160494175991684
s252,50,gcm_unidim,-11.4382969796057,1.08836176606387,0.309468510440157,0.152577792964822
s252,none,gcm,7.7861815635845,0.372149920645743,0.123283241738765,0.0271708636561858
s252,none,gcm_disc,-1.27002988333259,0.875155020306361,0.222406124658901,0.0645976882558936
s252,none,gcm_disc_unidim,-10.3154956630073,1.20392749112001,0.284289002889417,0.135829098792351
s252,none,gcm_unidim,-10.8482281041395,0.970222980149143,0.270594150302282,0.137192616927748
s253,50,gcm,7.29807141074306,0.598345426597838,0.147286505435265,0.0302564773628586
s253,50,gcm_disc,-5.69802207187734,1.51081726994876,0.270590623128704,0.0955435269021457
s253,50,gcm_disc_unidim,-8.80759054639564,1.57117180518304,0.297970404482368,0.123668655041788
s253,50,gcm_unidim,-5.0006597429681,0.756957734055729,0.217205876363706,0.0898294356843653
s253,none,gcm,0.363597003024031,0.867833437356055,0.162896072990845,0.0439555131190133
s253,none,gcm_disc,-7.97717447600158,1.86995958531031,0.30481926124197,0.114583242265171
s253,none,gcm_disc_unidim,-13.7493003666697,2.37391084511931,0.35606608212893,0.182301270496356
s253,none,gcm_unidim,-12.4134000547547,1.64144008546451,0.272738472820281,0.158000576600347
s254,50,gcm,-2.61575902230345,0.602155004656808,0.214419479581972,0.0704282192344509
s254,50,gcm_disc,-9.63982214801801,1.01846766459643,0.319554816015187,0.136800664429669
s254,50,gcm_disc_unidim,-10.7537979953586,1.06992016685695,0.318598162579185,0.150627905370044
s254,50,gcm_unidim,-7.5896208947002,0.797101894312693,0.237110444830994,0.113167741719719
s254,none,gcm,3.26099765795779,0.525092134664846,0.16681099754554,0.0405875986424702
s254,none,gcm_disc,-6.83411862582225,1.02233585023732,0.273419326748794,0.10285966136114
s254,none,gcm_disc_unidim,-11.6562789705168,1.27479352257324,0.321131059211808,0.152649586872072
s254,none,gcm_unidim,-10.4190885832715,1.00552546733108,0.263273476833084,0.13255345262126
s255,50,gcm,2.95833386918191,0.457587292261897,0.157149106027962,0.0406913603558691
s255,50,gcm_disc,-3.20528916488186,0.852715739675905,0.24931352916858,0.0795885693927525
s255,50,gcm_disc_unidim,-8.96539201706161,1.09062579802123,0.311919413949859,0.141679726698002
s255,50,gcm_unidim,-8.2954284517777,0.831193982201636,0.278505802346306,0.134724036904955
s255,none,gcm,10.9187828029201,16772277774939.2,0.117474494724074,0.0229784072026197
s255,none,gcm_disc,-7.42345610845356,41864155402334.4,0.300994404013189,0.10750935524189
s255,none,gcm_disc_unidim,-14.9129530704028,93337925417922.4,0.35340213114589,0.201220397684786
s255,none,gcm_unidim,-13.3622512125127,93824992236887.3,0.289876351023092,0.175714194816372
s256,50,gcm,-0.735744656931568,0.598603097757013,0.218977648423217,0.0621550095995317
s256,50,gcm_disc,-10.0882284572609,1.0056144482731,0.33008188231173,0.141760181860293
s256,50,gcm_disc_unidim,-13.7512508407997,1.27735637986882,0.378103929463427,0.199379103279173
s256,50,gcm_unidim,-11.8570472405578,1.07138790320816,0.331964393504839,0.167848330027802
s256,none,gcm,3.02190507423473,0.576353744105468,0.178473191992402,0.0453734209292311
s256,none,gcm_disc,2.11216597776752,0.598401328791876,0.15717774404224,0.0468368793787617
s256,none,gcm_disc_unidim,-9.49383063919359,0.91046190580687,0.248249324539863,0.121831437822066
s256,none,gcm_unidim,-11.9470287829404,1.12360700265827,0.338211877919404,0.152419353513551
s257,50,gcm,2.88217665921051,0.678978099739145,0.173291375948623,0.0456657120663506
s257,50,gcm_disc,-2.29141546987148,1.16629320902109,0.222433093706409,0.0723078059529788
s257,50,gcm_disc_unidim,-7.4425672783051,1.27126308237292,0.249093427472447,0.113560897165281
s257,50,gcm_unidim,-8.31663346234221,0.979570493636193,0.278628995075476,0.12322774433168
s257,none,gcm,-5.24925061645857,0.939523776245326,0.244516222109073,0.0911005384933302
s257,none,gcm_disc,-2.21228839007687,1.04622393722268,0.216589110438208,0.0696185832437145
s257,none,gcm_disc_unidim,-10.5866308249643,1.31033191821704,0.306851729645516,0.143340831474277
s257,none,gcm_unidim,-13.9095344914935,1.31693775086079,0.369433647451758,0.189661916871723
s258,50,gcm,7.13126098227258,0.387946863159998,0.143408875177191,0.0306093607475744
s258,50,gcm_disc,-2.73599041696744,0.621929606374144,0.234009300174446,0.0744184723343101
s258,50,gcm_disc_unidim,-11.0429942723854,0.906155639497296,0.309583126186176,0.151170593939131
s258,50,gcm_unidim,-11.5560735452201,0.928235450142119,0.304635226672726,0.154337617570229
s258,none,gcm,8.24964100625304,0.334582528613639,0.138975437704823,0.0291545379229793
s258,none,gcm_disc,3.53457374845522,0.400662385598395,0.166445122406113,0.0433439890631718
s258,none,gcm_disc_unidim,-8.93706318203358,0.649290750613315,0.256290435247752,0.122709302857
s258,none,gcm_unidim,-10.7315666865971,0.781056980210482,0.311915828157506,0.142334578545223
s259,50,gcm,2.4532454114323,49496801469806.6,0.176406358389236,0.0462657302992487
s259,50,gcm_disc,-11.1532769063505,101956874359365,0.356599986262104,0.15024944379746
s259,50,gcm_disc_unidim,-15.0177460255111,80783523436453.3,0.408323219108596,0.210144079194862
s259,50,gcm_unidim,-11.1024037048436,26261217525424.6,0.298402801009232,0.150336408659346
s259,none,gcm,7.0896956764538,12462662604355.3,0.154657490273934,0.0322073914121121
s259,none,gcm_disc,-9.86332676029147,36644496227994.5,0.338139585078399,0.13336553094322
s259,none,gcm_disc_unidim,-14.7350444563874,41551797528772,0.387345642336224,0.199682733219487
s259,none,gcm_unidim,-11.5326518871534,13980752777009.2,0.286273819022433,0.152315313696245
s260,50,gcm,21.324202423337,0.170440138840815,0.0796089070401354,0.00865697498987016
s260,50,gcm_disc,0.972052940574475,0.540487240995642,0.203077667020518,0.0537029520192842
s260,50,gcm_disc_unidim,-6.67099359756299,0.728654072073217,0.257409504736057,0.105751871652906
s260,50,gcm_unidim,-5.58898215457874,0.570630769987568,0.222294025001803,0.0961295296334484
s260,none,gcm,20.0267836699581,0.223771661732517,0.080629019232619,0.0104979411437076
s260,none,gcm_disc,2.76344718803652,0.607520419002114,0.191570611035119,0.04585199264262
s260,none,gcm_disc_unidim,-8.08798916804859,0.878501960428113,0.265378245337243,0.115311053591215
s260,none,gcm_unidim,-8.01543618870673,0.736993066816216,0.251386439178859,0.113743399410665
s261,50,gcm,18.5227593547599,0.143916643274665,0.0914656400803692,0.0121176384941926
s261,50,gcm_disc,2.40317271040023,0.316779162521861,0.190024446981138,0.0475475545707884
s261,50,gcm_disc_unidim,-0.9889665770434,0.353173918654894,0.204784281879146,0.0631668866669187
s261,50,gcm_unidim,1.70483584571121,0.289522244311875,0.174352913172411,0.0492173400613465
s261,none,gcm,18.5486664241489,0.176657528905386,0.0892124585342025,0.0114020175650346
s261,none,gcm_disc,0.240078004463383,0.427511224748455,0.20905392082936,0.0575394783377711
s261,none,gcm_disc_unidim,-3.34595836600173,0.48382152575988,0.226158796557599,0.0785204772554556
s261,none,gcm_unidim,-0.389757348751663,0.35721861470845,0.170573873580975,0.0590473322487149
s262,50,gcm,5.40307916588908,0.456619400134291,0.154575270674829,0.0363674194564826
s262,50,gcm_disc,-5.46532936458506,0.799044206828507,0.267324451801215,0.0938411547036517
s262,50,gcm_disc_unidim,-13.4621743168289,1.20878528987374,0.350371521058125,0.189450682011502
s262,50,gcm_unidim,-13.3587647622677,1.17884596208037,0.34176430170293,0.187920329350931
s262,none,gcm,11.9215355534411,0.299675997137334,0.111348864929823,0.021327293725778
s262,none,gcm_disc,-3.1592612658769,0.692921104176816,0.238208084746035,0.0758947801170947
s262,none,gcm_disc_unidim,-11.5843834966838,0.965470698330337,0.289091592759598,0.152401826387839
s262,none,gcm_unidim,-11.5408237621405,0.935696226096158,0.292709996994928,0.15174957413855
s263,50,gcm,3.08458450570134,0.548376220863291,0.162041455633191,0.0412146639536478
s263,50,gcm_disc,-3.54597589879714,0.964838766064432,0.240169511710602,0.0819454356988512
s263,50,gcm_disc_unidim,-10.2062334572399,1.2361183470707,0.307039110799312,0.148436078185118
s263,50,gcm_unidim,-9.97177489835418,1.0184052339515,0.293706278673038,0.143956501353778
s263,none,gcm,-6.64048738517019,36298084605681.4,0.267979462656967,0.0971049097047239
s263,none,gcm_disc,5.23153559490385,20375710675612.5,0.166755742525999,0.0371534834818116
s263,none,gcm_disc_unidim,-11.2463924249617,30514351657801,0.313452912080955,0.146639396532402
s263,none,gcm_unidim,-13.8114862439609,29996307294302.1,0.376322498032661,0.185799437007075
s264,50,gcm,12.1560077328756,0.324383347740808,0.11720482214353,0.0206538271023782
s264,50,gcm_disc,5.21451368645815,0.422344332644578,0.161696501154357,0.0376668191039301
s264,50,gcm_disc_unidim,-10.5284393929238,0.759955621222925,0.269573912243961,0.141705865501972
s264,50,gcm_unidim,-11.9117864228996,0.915403633725209,0.320659199663265,0.160540117641883
s264,none,gcm,10.5237262254845,0.41462335926993,0.129057047709374,0.0242752450389407
s264,none,gcm_disc,0.769462119297975,0.661107330539142,0.192572898437719,0.0547643985828267
s264,none,gcm_disc_unidim,-11.5109353636933,1.04879928337356,0.294202402556314,0.152628192308218
s264,none,gcm_unidim,-11.774016319847,1.04408613475356,0.313690204789133,0.156866649127991
