subj,model,type,m,sd
s201,gcm,all-small,0.598816373059271,0.0597816771273974
s201,gcm,two-large,0.263888847538996,0.0809212590717409
s201,gcm,two-small,0.710260483084804,0.0557973640866926
s201,gcm,one-large,0.512716859377128,0.107416250376477
s201,gcm_disc,all-small,0.389173843744238,0.0875863391891373
s201,gcm_disc,two-large,0.531553844341708,0.0905233312797119
s201,gcm_disc,two-small,0.531553844341708,0.0905233312797119
s201,gcm_disc,one-large,0.728018316999679,0.0787399778870449
s201,gcm_unidim,all-small,0.681913899217883,0.0807893345170376
s201,gcm_unidim,two-large,0.489320198323767,0.37008282416111
s201,gcm_unidim,two-small,0.787942599478589,0.163817493468714
s201,gcm_unidim,one-large,0.744660099161887,0.365624410482952
s201,gcm_disc_unidim,all-small,0.511787662735976,0.0798968985318589
s201,gcm_disc_unidim,two-large,0.67452510849067,0.23921607746559
s201,gcm_disc_unidim,two-small,0.67452510849067,0.23921607746559
s201,gcm_disc_unidim,one-large,0.837262554245332,0.234726422855105
s202,gcm,all-small,0.561460194106444,0.0222581530242976
s202,gcm,two-small,0.680882568030494,0.0302330188252339
s202,gcm,one-large,0.468017687073062,0.0729528979748767
s202,gcm,two-large,0.217525067989499,0.0405775050120038
s202,gcm_disc,all-small,0.33611484760242,0.0294259839311336
s202,gcm_disc,two-small,0.484348116736235,0.0464114594969394
s202,gcm_disc,one-large,0.696633283138525,0.0572500496383635
s202,gcm_disc,two-large,0.484348116736235,0.0464114594969394
s202,gcm_unidim,all-small,0.666253779713892,0.0270144601149811
s202,gcm_unidim,two-small,0.777502519809264,0.158870641953682
s202,gcm_unidim,one-large,0.73299288366879,0.378059395259638
s202,gcm_unidim,two-large,0.465985767337583,0.378507104347294
s202,gcm_disc_unidim,all-small,0.479892578653363,0.0238293112729815
s202,gcm_disc_unidim,two-small,0.65326171910224,0.245955702992074
s202,gcm_disc_unidim,one-large,0.826630859551118,0.245570619460901
s202,gcm_disc_unidim,two-large,0.65326171910224,0.245955702992074
s203,gcm,all-small,0.528030224260693,0.0669644047352528
s203,gcm,one-large,0.444427384001178,0.149780816378757
s203,gcm,two-small,0.653582593021809,0.0719523669997105
s203,gcm,two-large,0.19615518697189,0.0889383668916081
s203,gcm_disc,all-small,0.322073012536573,0.0768314953703608
s203,gcm_disc,one-large,0.686472129318658,0.107828617279196
s203,gcm_disc,two-small,0.470684042638537,0.100245000651368
s203,gcm_disc,two-large,0.470684042638537,0.100245000651368
s203,gcm_unidim,all-small,0.606448249952724,0.0838896929424724
s203,gcm_unidim,one-large,0.716749135702869,0.40271024260561
s203,gcm_unidim,two-small,0.737632166635151,0.19776551850388
s203,gcm_unidim,two-large,0.433498271405744,0.404825660863125
s203,gcm_disc_unidim,all-small,0.45259555947968,0.0602604262112274
s203,gcm_disc_unidim,one-large,0.817531853159895,0.260387844964277
s203,gcm_disc_unidim,two-small,0.635063706319779,0.262701864212761
s203,gcm_disc_unidim,two-large,0.635063706319779,0.262701864212761
s204,gcm,two-small,0.59767169640865,0.206697716624229
s204,gcm,one-large,0.466554330245597,0.246778104166155
s204,gcm,two-large,0.20724000756948,0.159599510417365
s204,gcm,all-small,0.454352378517222,0.190739916983898
s204,gcm_disc,two-small,0.453334669332782,0.158046216125116
s204,gcm_disc,one-large,0.669301133868951,0.151240807351117
s204,gcm_disc,two-large,0.453334669332782,0.158046216125116
s204,gcm_disc,all-small,0.310399931593939,0.13955030036949
s204,gcm_unidim,two-small,0.659531119269362,0.307107342296024
s204,gcm_unidim,one-large,0.712215697886552,0.414390042131932
s204,gcm_unidim,two-large,0.424431395773103,0.421655403655194
s204,gcm_unidim,all-small,0.489296678904019,0.233517216223236
s204,gcm_disc_unidim,two-small,0.609028811599834,0.299278522783134
s204,gcm_disc_unidim,one-large,0.804514405799914,0.288096621442711
s204,gcm_disc_unidim,two-large,0.609028811599834,0.299278522783134
s204,gcm_disc_unidim,all-small,0.413543217399756,0.140370626334893
s205,gcm,one-large,0.441087329652542,0.124760007459656
s205,gcm,two-large,0.196242137515673,0.0833256916406858
s205,gcm,two-small,0.654768713478146,0.0687688505245505
s205,gcm,all-small,0.530173538563943,0.0698255362499177
s205,gcm_disc,one-large,0.677247076243351,0.10559682839861
s205,gcm_disc,two-large,0.459988452437975,0.107012597750278
s205,gcm_disc,two-small,0.459988452437975,0.107012597750278
s205,gcm_disc,all-small,0.312835686800873,0.0880307853549212
s205,gcm_unidim,one-large,0.723888668455315,0.392531804742918
s205,gcm_unidim,two-large,0.447777336910638,0.394566342199347
s205,gcm_unidim,two-small,0.755029203525346,0.182435784558651
s205,gcm_unidim,all-small,0.632543805288018,0.0701053337746156
s205,gcm_disc_unidim,one-large,0.819806129643534,0.257263813969535
s205,gcm_disc_unidim,two-large,0.639612259287076,0.259668231090382
s205,gcm_disc_unidim,two-small,0.639612259287076,0.259668231090382
s205,gcm_disc_unidim,all-small,0.459418388930626,0.0610635798031036
s206,gcm,two-large,0.0462317263092813,0.0906418306484809
s206,gcm,one-large,0.252136098805663,0.24048445179835
s206,gcm,all-small,0.0726248323062712,0.0244186064395271
s206,gcm,two-small,0.246525515308857,0.233906144766597
s206,gcm_disc,two-large,0.161902865992697,0.0915469366874704
s206,gcm_disc,one-large,0.397242630441965,0.157325193192175
s206,gcm_disc,all-small,0.0694148905838566,0.0517930058649313
s206,gcm_disc,two-small,0.161902865992697,0.0915469366874704
s206,gcm_unidim,two-large,0.333382055343812,0.471377649992962
s206,gcm_unidim,one-large,0.666691027671905,0.471377648312532
s206,gcm_unidim,all-small,0.0862469500861494,0.0194964232961923
s206,gcm_unidim,two-small,0.390831300057427,0.431048286105657
s206,gcm_disc_unidim,two-large,0.419702731324667,0.412625555664457
s206,gcm_disc_unidim,one-large,0.709851365662333,0.41148373150509
s206,gcm_disc_unidim,all-small,0.129554096986995,0.0531315695434315
s206,gcm_disc_unidim,two-small,0.419702731324667,0.412625555664457
s207,gcm,two-small,0.69248800674636,0.0465283515102756
s207,gcm,one-large,0.485310852799272,0.0865312669370214
s207,gcm,all-small,0.576409393780452,0.0491517798931624
s207,gcm,two-large,0.236167766609349,0.0622103024850911
s207,gcm_disc,two-small,0.508709153369789,0.0570267628649032
s207,gcm_disc,one-large,0.713272320651142,0.0574594206185635
s207,gcm_disc,all-small,0.36279130849057,0.049261988320164
s207,gcm_disc,two-large,0.508709153369789,0.0570267628649032
s207,gcm_unidim,two-small,0.790399639598348,0.152820025100234
s207,gcm_unidim,one-large,0.742233780607222,0.36603855635398
s207,gcm_unidim,all-small,0.68559945939753,0.045614114464615
s207,gcm_unidim,two-large,0.484467561214441,0.367528678171466
s207,gcm_disc_unidim,two-small,0.668507272340515,0.236709233596076
s207,gcm_disc_unidim,one-large,0.834253636170254,0.235559697342006
s207,gcm_disc_unidim,all-small,0.502760908510793,0.0403567933977973
s207,gcm_disc_unidim,two-large,0.668507272340516,0.236709233596076
s208,gcm,two-small,0.638417514189612,0.0667561314744393
s208,gcm,all-small,0.51060848073295,0.0696135919448743
s208,gcm,two-large,0.176617337905238,0.0662253762385993
s208,gcm,one-large,0.418430892094962,0.104004211483698
s208,gcm_disc,two-small,0.4228777319047,0.077394251999743
s208,gcm_disc,all-small,0.276854254284025,0.0690310748793964
s208,gcm_disc,two-large,0.4228777319047,0.077394251999743
s208,gcm_disc,one-large,0.648802819644166,0.0721129856559046
s208,gcm_unidim,two-small,0.726341767486873,0.217749094687561
s208,gcm_unidim,all-small,0.589512651230294,0.122284812477819
s208,gcm_unidim,two-large,0.433775051014948,0.40828844609845
s208,gcm_unidim,one-large,0.716887525507471,0.40435748766384
s208,gcm_disc_unidim,two-small,0.614893627694588,0.278345079463954
s208,gcm_disc_unidim,all-small,0.422340441541868,0.0705706044439685
s208,gcm_disc_unidim,two-large,0.614893627694588,0.278345079463954
s208,gcm_disc_unidim,one-large,0.807446813847297,0.275346896098841
s209,gcm,two-large,0.334661311109725,0.196076825296579
s209,gcm,all-small,0.629030636611868,0.159194299792618
s209,gcm,two-small,0.729382123134334,0.128947327732684
s209,gcm,one-large,0.5539804865455,0.193829831373038
s209,gcm_disc,two-large,0.571274022959377,0.155146117932924
s209,gcm_disc,all-small,0.439417450056458,0.161925674143894
s209,gcm_disc,two-small,0.571274022959377,0.155146117932924
s209,gcm_disc,one-large,0.751254728497659,0.124152942402208
s209,gcm_unidim,two-large,0.563756879878846,0.365797194299456
s209,gcm_unidim,all-small,0.717128740859446,0.164584759446334
s209,gcm_unidim,two-small,0.81141916057297,0.189316402407398
s209,gcm_unidim,one-large,0.781878439939425,0.338352387758586
s209,gcm_disc_unidim,two-large,0.697437879519068,0.238072518552182
s209,gcm_disc_unidim,all-small,0.546156819278595,0.127897228806434
s209,gcm_disc_unidim,two-small,0.697437879519068,0.238072518552182
s209,gcm_disc_unidim,one-large,0.848718939759537,0.226331520218294
s210,gcm,one-large,0.286255791655941,0.0968772019446831
s210,gcm,two-small,0.521175498287727,0.0561381670151733
s210,gcm,two-large,0.0788220077569903,0.0320095712031985
s210,gcm,all-small,0.374821619855257,0.0370047974631171
s210,gcm_disc,one-large,0.525859496977563,0.0829803557193749
s210,gcm_disc,two-small,0.275917734363836,0.0574792539588925
s210,gcm_disc,two-large,0.275917734363836,0.0574792539588925
s210,gcm_disc,all-small,0.144426766784083,0.0334493480716874
s210,gcm_unidim,one-large,0.682567369810792,0.449029357332772
s210,gcm_unidim,two-small,0.640632191808978,0.256860159534729
s210,gcm_unidim,two-large,0.365134739621576,0.449133942977461
s210,gcm_unidim,all-small,0.460948287713451,0.045865913564335
s210,gcm_disc_unidim,one-large,0.771765048009654,0.323341734350639
s210,gcm_disc_unidim,two-small,0.543530096019312,0.323904334847239
s210,gcm_disc_unidim,two-large,0.543530096019312,0.323904334847239
s210,gcm_disc_unidim,all-small,0.315295144028976,0.0330518211277322
s211,gcm,two-large,0.226131729722511,0.0481873864588645
s211,gcm,one-large,0.479182034721023,0.0942765061723248
s211,gcm,two-small,0.686587063234182,0.0373246006063894
s211,gcm,all-small,0.568117360453525,0.0232869411951404
s211,gcm_disc,two-large,0.502737527124828,0.0645760828930926
s211,gcm_disc,one-large,0.710624467670155,0.079338139149555
s211,gcm_disc,two-small,0.502737527124828,0.0645760828930926
s211,gcm_disc,all-small,0.353927133817515,0.0340980616123548
s211,gcm_unidim,two-large,0.466643293941816,0.377972420428421
s211,gcm_unidim,one-large,0.733321646970896,0.377559539393888
s211,gcm_unidim,two-small,0.778146250983915,0.158290992879122
s211,gcm_unidim,all-small,0.667219376475868,0.0258564563437374
s211,gcm_disc_unidim,two-large,0.656312549730558,0.244020005803848
s211,gcm_disc_unidim,one-large,0.828156274865291,0.243524325107533
s211,gcm_disc_unidim,two-small,0.656312549730559,0.244020005803848
s211,gcm_disc_unidim,all-small,0.484468824595835,0.0269258043573634
s212,gcm,one-large,0.650978515758173,0.0819477673896823
s212,gcm,all-small,0.720949084108663,0.0395086306468632
s212,gcm,two-large,0.423192123825616,0.0719134585934999
s212,gcm,two-small,0.804086995590647,0.0371111442895982
s212,gcm_disc,one-large,0.779562623987895,0.0500167720041386
s212,gcm_disc,all-small,0.47283988542112,0.0437247585649262
s212,gcm_disc,two-large,0.607315602230179,0.0503279541060238
s212,gcm_disc,two-small,0.607315602230179,0.0503279541060238
s212,gcm_unidim,one-large,0.796260764365775,0.292680352353076
s212,gcm_unidim,all-small,0.784991188940959,0.050845682679949
s212,gcm_unidim,two-large,0.592521528731555,0.297155777090633
s212,gcm_unidim,two-small,0.85666079262731,0.109530437664551
s212,gcm_disc_unidim,one-large,0.854334564331445,0.207525238976728
s212,gcm_disc_unidim,all-small,0.563003692994342,0.043423108538446
s212,gcm_disc_unidim,two-large,0.70866912866289,0.209034080787628
s212,gcm_disc_unidim,two-small,0.70866912866289,0.209034080787628
s213,gcm,two-large,0.244932399194628,0.0491413454923892
s213,gcm,one-large,0.498693282871051,0.0971934990934769
s213,gcm,all-small,0.585677101506706,0.0249794263277845
s213,gcm,two-small,0.700604951521801,0.0373083051715667
s213,gcm_disc,two-large,0.532125562091568,0.0587466156658769
s213,gcm_disc,one-large,0.731031979127569,0.0766303407287152
s213,gcm_disc,all-small,0.385992151702804,0.034862112053682
s213,gcm_disc,two-small,0.532125562091567,0.0587466156658769
s213,gcm_unidim,two-large,0.491658788526277,0.361073107951503
s213,gcm_unidim,one-large,0.745829394263146,0.360266107926203
s213,gcm_unidim,all-small,0.695913875802085,0.0321425157205788
s213,gcm_unidim,two-small,0.797275917201394,0.145732454902048
s213,gcm_disc_unidim,two-large,0.682932882464088,0.226105282343564
s213,gcm_disc_unidim,one-large,0.841466441232045,0.225156604746572
s213,gcm_disc_unidim,all-small,0.524399323696141,0.0358372170791172
s213,gcm_disc_unidim,two-small,0.682932882464088,0.226105282343564
s214,gcm,two-small,0.386178789047007,0.193359604594819
s214,gcm,one-large,0.262715570118652,0.17030551337616
s214,gcm,two-large,0.0558327727319764,0.0607027304792037
s214,gcm,all-small,0.21346714491152,0.10695512848686
s214,gcm_disc,two-small,0.223738868738079,0.0686771237499313
s214,gcm_disc,one-large,0.474264253505341,0.106339210972603
s214,gcm_disc,two-large,0.223738868738079,0.0686771237499313
s214,gcm_disc,all-small,0.10495617745721,0.0378030680469511
s214,gcm_unidim,two-small,0.491908572230602,0.373798842125993
s214,gcm_unidim,one-large,0.669842534680636,0.466978422633095
s214,gcm_unidim,two-large,0.339685069361269,0.467036167093362
s214,gcm_unidim,all-small,0.237862858345905,0.126350553161978
s214,gcm_disc_unidim,two-small,0.47267001555591,0.378137812220449
s214,gcm_disc_unidim,one-large,0.736335007777947,0.375520393278758
s214,gcm_disc_unidim,two-large,0.47267001555591,0.378137812220449
s214,gcm_disc_unidim,all-small,0.209005023333867,0.0769280039251225
s215,gcm,two-large,0.123836743366522,0.0634811944111828
s215,gcm,two-small,0.575825993226585,0.0849832036750467
s215,gcm,all-small,0.434369155715313,0.0638094822796769
s215,gcm,one-large,0.361248092856562,0.152848485665349
s215,gcm_disc,two-large,0.365959407791128,0.0807421644409059
s215,gcm_disc,two-small,0.365959407791128,0.0807421644409059
s215,gcm_disc,all-small,0.219482833355576,0.0506370669033512
s215,gcm_disc,one-large,0.606566183332365,0.105146819989153
s215,gcm_unidim,two-large,0.377726130704752,0.441323074424088
s215,gcm_unidim,two-small,0.656244326569326,0.254381082342069
s215,gcm_unidim,all-small,0.484366489853987,0.0918465071932384
s215,gcm_unidim,one-large,0.688863065352377,0.440672591104261
s215,gcm_disc_unidim,two-large,0.570973860833351,0.306436888424125
s215,gcm_disc_unidim,two-small,0.570973860833351,0.306436888424125
s215,gcm_disc_unidim,all-small,0.356460791250031,0.0529465807574042
s215,gcm_disc_unidim,one-large,0.785486930416682,0.304908379324718
s216,gcm,two-large,0.180710901713159,0.0325367761596451
s216,gcm,all-small,0.52379119698196,0.0224862873999334
s216,gcm,one-large,0.426632478909755,0.0683489761815995
s216,gcm,two-small,0.650042462362618,0.0291305560526718
s216,gcm_disc,two-large,0.459105423236958,0.0528949727684043
s216,gcm_disc,all-small,0.310159072411299,0.0357698464817014
s216,gcm_disc,one-large,0.67826769652719,0.0645908947518892
s216,gcm_disc,two-small,0.459105423236958,0.0528949727684043
s216,gcm_unidim,two-large,0.444178621752393,0.393922753422811
s216,gcm_unidim,all-small,0.636293040903074,0.0310600859022558
s216,gcm_unidim,one-large,0.722089310876196,0.39347732100019
s216,gcm_unidim,two-small,0.757528693935379,0.1733212764773
s216,gcm_disc_unidim,two-large,0.642269209433168,0.253799404001553
s216,gcm_disc_unidim,all-small,0.463403814149749,0.0252909369194062
s216,gcm_disc_unidim,one-large,0.821134604716586,0.253379018418632
s216,gcm_disc_unidim,two-small,0.642269209433168,0.253799404001553
s217,gcm,two-large,0.133014852199686,0.0506908283699297
s217,gcm,all-small,0.460267008830682,0.059004320131892
s217,gcm,two-small,0.595646800240774,0.0576796018206262
s217,gcm,one-large,0.362739861603728,0.0925473397294969
s217,gcm_disc,two-large,0.387068119676997,0.0819941733871974
s217,gcm_disc,all-small,0.242847463843655,0.0695984996238711
s217,gcm_disc,two-small,0.387068119676997,0.0819941733871974
s217,gcm_disc,one-large,0.620412108447115,0.0817000992074137
s217,gcm_unidim,two-large,0.414809616324205,0.416474681865562
s217,gcm_unidim,all-small,0.577587267925612,0.0740782426571413
s217,gcm_unidim,two-small,0.718391511950409,0.208113756900517
s217,gcm_unidim,one-large,0.707404808162104,0.415138867289429
s217,gcm_disc_unidim,two-large,0.610146909311975,0.280341630149774
s217,gcm_disc_unidim,all-small,0.415220363967962,0.0624051701646288
s217,gcm_disc_unidim,two-small,0.610146909311975,0.280341630149774
s217,gcm_disc_unidim,one-large,0.805073454655988,0.278016716237125
s218,gcm,two-small,0.889331361972109,0.04269013537138
s218,gcm,all-small,0.837619942630781,0.0252264786408648
s218,gcm,two-large,0.634272652671992,0.123576012584748
s218,gcm,one-large,0.800898915211025,0.129765565820508
s218,gcm_disc,two-small,0.789042122160308,0.090586175744875
s218,gcm_disc,all-small,0.694971845140816,0.0331834352150853
s218,gcm_disc,two-large,0.789042122160308,0.090586175744875
s218,gcm_disc,one-large,0.890554121301088,0.0926337021573702
s218,gcm_unidim,two-small,0.914206683509923,0.064685757935654
s218,gcm_unidim,all-small,0.871310025264885,0.0274922455804537
s218,gcm_unidim,two-large,0.719857106913638,0.206712909912379
s218,gcm_unidim,one-large,0.859928553456824,0.202449387518374
s218,gcm_disc_unidim,two-small,0.819350080482142,0.131656131186587
s218,gcm_disc_unidim,all-small,0.729025120723238,0.0390310559045991
s218,gcm_disc_unidim,two-large,0.819350080482142,0.131656131186587
s218,gcm_disc_unidim,one-large,0.909675040241068,0.129713257240772
s219,gcm,one-large,0.507407456285368,0.062267860642895
s219,gcm,two-small,0.710221438426897,0.0259859335966372
s219,gcm,all-small,0.59834131575684,0.0221194047281564
s219,gcm,two-large,0.25647305914473,0.0372351980180835
s219,gcm_disc,one-large,0.733006419783837,0.0508839536272914
s219,gcm_disc,two-small,0.536515831561725,0.0431014485582294
s219,gcm_disc,all-small,0.392176147056939,0.0295603791320126
s219,gcm_disc,two-large,0.536515831561724,0.0431014485582294
s219,gcm_unidim,one-large,0.751642124686188,0.35180884507649
s219,gcm_unidim,two-small,0.806165240487506,0.138602576189817
s219,gcm_unidim,all-small,0.709247860731268,0.0252224048324913
s219,gcm_unidim,two-large,0.503284249372377,0.352380039453641
s219,gcm_disc_unidim,one-large,0.842163545431357,0.223758335053831
s219,gcm_disc_unidim,two-small,0.684327090862701,0.224297325674871
s219,gcm_disc_unidim,all-small,0.526490636294058,0.0269164150010679
s219,gcm_disc_unidim,two-large,0.684327090862701,0.224297325674871
s220,gcm,all-small,0.577709642403744,0.151413332574963
s220,gcm,two-small,0.690259515328318,0.12986398953515
s220,gcm,one-large,0.50435350487172,0.176882673047807
s220,gcm,two-large,0.272863072288441,0.161326148097987
s220,gcm_disc,all-small,0.393332701362814,0.168979486635184
s220,gcm_disc,two-small,0.526465374059774,0.159529605090006
s220,gcm_disc,one-large,0.718289638994739,0.119131769332137
s220,gcm_disc,two-large,0.526465374059774,0.159529605090006
s220,gcm_unidim,all-small,0.60355497849924,0.216316578005212
s220,gcm_unidim,two-small,0.735703318999489,0.257143407459495
s220,gcm_unidim,one-large,0.745078593134087,0.380418213192671
s220,gcm_unidim,two-large,0.490157186268184,0.39932694350462
s220,gcm_disc_unidim,all-small,0.490949934889412,0.164630100386067
s220,gcm_disc_unidim,two-small,0.660633289926272,0.275055352030358
s220,gcm_disc_unidim,one-large,0.83031664496314,0.258110615879127
s220,gcm_disc_unidim,two-large,0.660633289926272,0.275055352030358
s221,gcm,all-small,0.471218278415865,0.0523291226366204
s221,gcm,two-small,0.605603097298624,0.0554384881636271
s221,gcm,two-large,0.141189853633186,0.0490572326157635
s221,gcm,one-large,0.375819809747915,0.0909435673064929
s221,gcm_disc,all-small,0.247684993347865,0.0456703007154972
s221,gcm_disc,two-small,0.394246837094671,0.0597098211811993
s221,gcm_disc,two-large,0.394246837094671,0.0597098211811993
s221,gcm_disc,one-large,0.627690770486762,0.0649944473883804
s221,gcm_unidim,all-small,0.51441507321589,0.0722182020561486
s221,gcm_unidim,two-small,0.676276715477248,0.236383261426968
s221,gcm_unidim,two-large,0.385794456839543,0.435897914472498
s221,gcm_unidim,one-large,0.692897228419765,0.435107619427998
s221,gcm_disc_unidim,all-small,0.386269494355793,0.0363091031780223
s221,gcm_disc_unidim,two-small,0.590846329570533,0.290834927113101
s221,gcm_disc_unidim,two-large,0.590846329570533,0.290834927113101
s221,gcm_disc_unidim,one-large,0.795423164785273,0.290078445432183
s222,gcm,all-small,0.378483720293897,0.0317779856205106
s222,gcm,two-small,0.524063180287169,0.045992833653856
s222,gcm,one-large,0.283506451481633,0.0715326931407998
s222,gcm,two-large,0.0788314938513608,0.025892742423294
s222,gcm_disc,all-small,0.165171416911717,0.0228442805333744
s222,gcm_disc,two-small,0.301178930934972,0.0352384707845738
s222,gcm_disc,one-large,0.548910136556912,0.046433847770158
s222,gcm_disc,two-large,0.301178930934972,0.0352384707845738
s222,gcm_unidim,all-small,0.406986750152533,0.0502397254678344
s222,gcm_unidim,two-small,0.604657833435036,0.282547188191173
s222,gcm_unidim,one-large,0.676613065829454,0.457405562329076
s222,gcm_unidim,two-large,0.353226131658914,0.457465576648945
s222,gcm_disc_unidim,all-small,0.323073635744866,0.0346193212917543
s222,gcm_disc_unidim,two-small,0.548715757163248,0.320360743705454
s222,gcm_disc_unidim,one-large,0.774357878581626,0.319736621255596
s222,gcm_disc_unidim,two-large,0.548715757163248,0.320360743705454
s223,gcm,all-small,0.625064402839227,0.0268005428082575
s223,gcm,one-large,0.537194383953617,0.0578648799340772
s223,gcm,two-large,0.288112589411875,0.0409302539614681
s223,gcm,two-small,0.731128451710645,0.0275266902947108
s223,gcm_disc,all-small,0.412004173560067,0.033949387143653
s223,gcm_disc,one-large,0.744192485764203,0.0372038237158208
s223,gcm_disc,two-large,0.553755069844795,0.0381475636880924
s223,gcm_disc,two-small,0.553755069844795,0.0381475636880924
s223,gcm_unidim,all-small,0.734895453552794,0.0273896796945939
s223,gcm_unidim,one-large,0.764687065853794,0.33366341971357
s223,gcm_unidim,two-large,0.529374131707605,0.334536456591331
s223,gcm_unidim,two-small,0.823263635701864,0.126958666774246
s223,gcm_disc_unidim,all-small,0.545758434592173,0.0308342404843563
s223,gcm_disc_unidim,one-large,0.84858614486406,0.214873688613337
s223,gcm_disc_unidim,two-large,0.697172289728117,0.215609876521733
s223,gcm_disc_unidim,two-small,0.697172289728117,0.215609876521733
s224,gcm,all-small,0.618958691821501,0.0227019895104466
s224,gcm,two-large,0.280894154419768,0.0419418451439524
s224,gcm,two-small,0.726473885172535,0.0273243894594936
s224,gcm,one-large,0.531125112745929,0.0662859843263606
s224,gcm_disc,all-small,0.437387905425517,0.0278188470195024
s224,gcm_disc,two-large,0.576763917705434,0.0390011326473773
s224,gcm_disc,two-small,0.576763917705435,0.0390011326473773
s224,gcm_disc,one-large,0.75983198250917,0.0438305571300921
s224,gcm_unidim,all-small,0.734614414356521,0.0142921677498657
s224,gcm_unidim,two-large,0.527928217769607,0.334323621474822
s224,gcm_unidim,two-small,0.823076276237676,0.125649045307694
s224,gcm_unidim,one-large,0.7639641088848,0.334067171498035
s224,gcm_disc_unidim,all-small,0.573993684792505,0.018891887310179
s224,gcm_disc_unidim,two-large,0.715995789861665,0.201416056772715
s224,gcm_disc_unidim,two-small,0.715995789861665,0.201416056772715
s224,gcm_disc_unidim,one-large,0.857997894930829,0.201120511444812
s225,gcm,all-small,0.542666846754279,0.0866567474092143
s225,gcm,two-large,0.218745370819737,0.0904312975822214
s225,gcm,one-large,0.472768851495395,0.140758916188934
s225,gcm,two-small,0.666983368755933,0.0954213444245877
s225,gcm_disc,all-small,0.329898266421052,0.0578724130603942
s225,gcm_disc,two-large,0.477534637163389,0.0679702473974825
s225,gcm_disc,one-large,0.691144124719901,0.0702672892102039
s225,gcm_disc,two-small,0.477534637163389,0.0679702473974825
s225,gcm_unidim,all-small,0.587271500413351,0.155486217051746
s225,gcm_unidim,two-large,0.443058671890742,0.4050364576136
s225,gcm_unidim,one-large,0.721529335945372,0.399469235278835
s225,gcm_unidim,two-small,0.724847666942251,0.232320746788258
s225,gcm_disc_unidim,all-small,0.454894660249881,0.0734517422461205
s225,gcm_disc_unidim,two-large,0.636596440166589,0.263874911507927
s225,gcm_disc_unidim,one-large,0.818298220083298,0.260444970726997
s225,gcm_disc_unidim,two-small,0.636596440166589,0.263874911507927
s226,gcm,two-large,0.283022642557072,0.0688270116526242
s226,gcm,one-large,0.533120880953345,0.0944240259923531
s226,gcm,two-small,0.724988221176774,0.0467886794219049
s226,gcm,all-small,0.616980629747146,0.0450898943098909
s226,gcm_disc,two-large,0.523274859702125,0.0687400973405661
s226,gcm_disc,one-large,0.723522521308274,0.0678659346608832
s226,gcm_disc,two-small,0.523274859702125,0.0687400973405661
s226,gcm_disc,all-small,0.378296177900601,0.060232110961347
s226,gcm_unidim,two-large,0.473456123505151,0.385511657713315
s226,gcm_unidim,one-large,0.736728061752571,0.378977520514535
s226,gcm_unidim,two-small,0.765337718454694,0.192173164423488
s226,gcm_unidim,all-small,0.648006577682033,0.11872097566286
s226,gcm_disc_unidim,two-large,0.65979601609648,0.247620201115577
s226,gcm_disc_unidim,one-large,0.829898008048239,0.244117799335254
s226,gcm_disc_unidim,two-small,0.65979601609648,0.247620201115577
s226,gcm_disc_unidim,all-small,0.489694024144726,0.0718804016731584
s227,gcm,two-small,0.60211835704164,0.069173354470219
s227,gcm,all-small,0.465200428309372,0.0483661587319118
s227,gcm,two-large,0.142203217960008,0.0685632721666708
s227,gcm,one-large,0.385107166628883,0.146844120241289
s227,gcm_disc,two-small,0.388224250035241,0.0773847577995838
s227,gcm_disc,all-small,0.239346313376996,0.0450294458763325
s227,gcm_disc,two-large,0.388224250035241,0.0773847577995838
s227,gcm_disc,one-large,0.625127211553799,0.100557773899831
s227,gcm_unidim,two-small,0.688259500016231,0.226501034956937
s227,gcm_unidim,all-small,0.53238925002435,0.0637583748426619
s227,gcm_unidim,two-large,0.391418090823776,0.431461594556345
s227,gcm_unidim,one-large,0.69570904541189,0.430900818996587
s227,gcm_disc_unidim,two-small,0.585859925311178,0.294524235143884
s227,gcm_disc_unidim,all-small,0.37878988796676,0.0384532286110684
s227,gcm_disc_unidim,two-large,0.585859925311178,0.294524235143884
s227,gcm_disc_unidim,one-large,0.792929962655594,0.293686297757008
s228,gcm,one-large,0.628347281222867,0.156327863932652
s228,gcm,two-large,0.384092278362284,0.114647067295702
s228,gcm,all-small,0.688421066785085,0.0223900884784543
s228,gcm,two-small,0.781271807620973,0.0551675737542207
s228,gcm_disc,one-large,0.791743596828474,0.109201702905368
s228,gcm_disc,two-large,0.62124192354365,0.0941741602291855
s228,gcm_disc,all-small,0.482363810965552,0.0251962416641417
s228,gcm_disc,two-small,0.62124192354365,0.0941741602291855
s228,gcm_unidim,one-large,0.771604126770418,0.323633469051784
s228,gcm_unidim,two-large,0.543208253540845,0.324259988969462
s228,gcm_unidim,all-small,0.748209065591659,0.0204857787182347
s228,gcm_unidim,two-small,0.832139377061109,0.11987003553411
s228,gcm_disc_unidim,one-large,0.853316019203352,0.208014281638583
s228,gcm_disc_unidim,two-large,0.706632038406709,0.20858120419195
s228,gcm_disc_unidim,all-small,0.559948057610068,0.0266182668414918
s228,gcm_disc_unidim,two-small,0.706632038406709,0.20858120419195
s229,gcm,two-small,0.643368926917047,0.114132663901876
s229,gcm,all-small,0.515229448703151,0.113049670709982
s229,gcm,one-large,0.447277834841109,0.151450455069331
s229,gcm,two-large,0.200466843645883,0.105132792171351
s229,gcm_disc,two-small,0.462292175927495,0.116746918086463
s229,gcm_disc,all-small,0.31957168053324,0.113320775739795
s229,gcm_disc,one-large,0.676128933380737,0.0981156194300442
s229,gcm_disc,two-large,0.462292175927495,0.116746918086463
s229,gcm_unidim,two-small,0.696435916282624,0.265108576188363
s229,gcm_unidim,all-small,0.544653874423933,0.190547235561735
s229,gcm_unidim,one-large,0.717709522777262,0.407164793143727
s229,gcm_unidim,two-large,0.435419045554526,0.414952269978
s229,gcm_disc_unidim,two-small,0.625676892034637,0.28335330439542
s229,gcm_disc_unidim,all-small,0.438515338051955,0.123862512810084
s229,gcm_disc_unidim,one-large,0.812838446017326,0.274180818229979
s229,gcm_disc_unidim,two-large,0.625676892034637,0.28335330439542
s230,gcm,two-large,0.0862753533355308,0.0411143935529529
s230,gcm,two-small,0.533190867620164,0.0544632922297997
s230,gcm,one-large,0.30243808928016,0.126031132789419
s230,gcm,all-small,0.387087369307873,0.0227929159027599
s230,gcm_disc,two-large,0.298138334428286,0.0577513520125272
s230,gcm_disc,two-small,0.298138334428286,0.0577513520125272
s230,gcm_disc,one-large,0.547773084999815,0.0879779324274599
s230,gcm_disc,all-small,0.16115465024847,0.0284680107280655
s230,gcm_unidim,two-large,0.357316545458828,0.454531367362424
s230,gcm_unidim,two-small,0.621769781315161,0.268435781578093
s230,gcm_unidim,one-large,0.678658272729419,0.454492252515555
s230,gcm_unidim,all-small,0.432654671972737,0.0281003537522092
s230,gcm_disc_unidim,two-large,0.548235112319699,0.319829905447489
s230,gcm_disc_unidim,two-small,0.548235112319699,0.319829905447489
s230,gcm_disc_unidim,one-large,0.774117556159845,0.31964058423995
s230,gcm_disc_unidim,all-small,0.322352668479537,0.0190577012223304
s231,gcm,two-large,0.399646060251268,0.174818563720602
s231,gcm,all-small,0.688457893834604,0.0711382098004021
s231,gcm,two-small,0.781426115909409,0.0845788542198058
s231,gcm,one-large,0.640170267989702,0.204714076121724
s231,gcm_disc,two-large,0.638105071376336,0.142338416573446
s231,gcm_disc,all-small,0.504591393142329,0.114384758139504
s231,gcm_disc,two-small,0.638105071376336,0.142338416573446
s231,gcm_disc,one-large,0.801018307359202,0.135134601087388
s231,gcm_unidim,two-large,0.534940031409305,0.341642779909785
s231,gcm_unidim,all-small,0.73064768651309,0.0745433194923815
s231,gcm_unidim,two-small,0.820431791008726,0.140809659404698
s231,gcm_unidim,one-large,0.767470015704653,0.335308554248736
s231,gcm_disc_unidim,two-large,0.711168109467237,0.217073103183555
s231,gcm_disc_unidim,all-small,0.566752164200882,0.0900621497171124
s231,gcm_disc_unidim,two-small,0.711168109467237,0.217073103183555
s231,gcm_disc_unidim,one-large,0.855584054733621,0.210753414812625
s232,gcm,all-small,0.380879313168757,0.0850973642527792
s232,gcm,one-large,0.32750290746794,0.204989949110595
s232,gcm,two-small,0.528374231778739,0.110313944093441
s232,gcm,two-large,0.0980315665249042,0.0686062349498212
s232,gcm_disc,all-small,0.18281619279898,0.0566176137249749
s232,gcm_disc,one-large,0.567792427218746,0.116188656667059
s232,gcm_disc,two-small,0.322248186227331,0.0870193720807647
s232,gcm_disc,two-large,0.322248186227331,0.0870193720807647
s232,gcm_unidim,all-small,0.426910781474594,0.139899991590092
s232,gcm_unidim,one-large,0.685086880002475,0.446352735125947
s232,gcm_unidim,two-small,0.61794052098306,0.293317361232813
s232,gcm_unidim,two-large,0.370173760004936,0.447341709570297
s232,gcm_disc_unidim,all-small,0.328155650595756,0.0681555319855491
s232,gcm_disc_unidim,one-large,0.776051883531913,0.319150646037261
s232,gcm_disc_unidim,two-small,0.552103767063829,0.321567297849266
s232,gcm_disc_unidim,two-large,0.552103767063829,0.321567297849266
s233,gcm,two-large,0.345364238107325,0.064391659427523
s233,gcm,two-small,0.764135334698311,0.0354493256483328
s233,gcm,one-large,0.588739956660281,0.0836634588213282
s233,gcm,all-small,0.667708216997601,0.0326325128684395
s233,gcm_disc,two-large,0.603765613747459,0.053459827680397
s233,gcm_disc,two-small,0.603765613747459,0.053459827680397
s233,gcm_disc,one-large,0.777313542046291,0.0529859554748085
s233,gcm_disc,all-small,0.4685859598844,0.0448898172067837
s233,gcm_unidim,two-large,0.552229887442096,0.319262740687381
s233,gcm_unidim,two-small,0.836811632055498,0.117977232190124
s233,gcm_unidim,one-large,0.776114943721048,0.317947289320148
s233,gcm_unidim,all-small,0.755217448083247,0.0300743453336912
s233,gcm_disc_unidim,two-large,0.719470808859502,0.200865746229845
s233,gcm_disc_unidim,two-small,0.719470808859503,0.200865746229845
s233,gcm_disc_unidim,one-large,0.859735404429748,0.199620423111582
s233,gcm_disc_unidim,all-small,0.579206213289254,0.0386807969886411
s234,gcm,two-large,0.232945398750696,0.0612763287830642
s234,gcm,all-small,0.572735112257084,0.0464117860803416
s234,gcm,two-small,0.689853589360829,0.0481245563759283
s234,gcm,one-large,0.483338569667116,0.08980325648579
s234,gcm_disc,two-large,0.465082216853166,0.0564780422816208
s234,gcm_disc,all-small,0.316805970781741,0.0441722192379244
s234,gcm_disc,two-small,0.465082216853166,0.0564780422816208
s234,gcm_disc,one-large,0.682182818281109,0.0603477925487308
s234,gcm_unidim,two-large,0.445592258228649,0.399038619523782
s234,gcm_unidim,all-small,0.618505206974468,0.10019325204697
s234,gcm_unidim,two-small,0.745670137982976,0.197573626000158
s234,gcm_unidim,one-large,0.722796129114328,0.39555071297473
s234,gcm_disc_unidim,two-large,0.630040482173951,0.264438827997475
s234,gcm_disc_unidim,all-small,0.445060723260942,0.047286431460517
s234,gcm_disc_unidim,two-small,0.630040482173951,0.264438827997475
s234,gcm_disc_unidim,one-large,0.815020241086972,0.263025774819227
s235,gcm,all-small,0.645450885175013,0.0475742738060772
s235,gcm,two-small,0.747448369117651,0.053340186675533
s235,gcm,one-large,0.570524432939485,0.125421765235272
s235,gcm,two-large,0.321434883829298,0.085855393128906
s235,gcm_disc,all-small,0.400439827169327,0.0491686455540468
s235,gcm_disc,two-small,0.545285931848485,0.0710004911689764
s235,gcm_disc,one-large,0.739908845522389,0.0836600551123877
s235,gcm_disc,two-large,0.545285931848485,0.0710004911689764
s235,gcm_unidim,all-small,0.661480860512978,0.106580515878937
s235,gcm_unidim,two-small,0.774320573675321,0.181767318460885
s235,gcm_unidim,one-large,0.739473796862437,0.373530839896975
s235,gcm_unidim,two-large,0.478947593724878,0.378547760798493
s235,gcm_disc_unidim,all-small,0.491580041685672,0.0513150927724532
s235,gcm_disc_unidim,two-small,0.661053361123778,0.243309990228479
s235,gcm_disc_unidim,one-large,0.830526680561887,0.241499492952333
s235,gcm_disc_unidim,two-large,0.661053361123778,0.243309990228479
s236,gcm,two-small,0.624158023120144,0.0512210302162968
s236,gcm,two-large,0.157898702107854,0.0509769428539994
s236,gcm,one-large,0.401655052186535,0.107936927260722
s236,gcm,all-small,0.492090917000346,0.0383385719231534
s236,gcm_disc,two-small,0.405966706458238,0.0587840323130871
s236,gcm_disc,two-large,0.405966706458238,0.0587840323130871
s236,gcm_disc,one-large,0.637582981190639,0.0697856153146507
s236,gcm_disc,all-small,0.258197189137565,0.0433312185399908
s236,gcm_unidim,two-small,0.699791040657845,0.219771544771727
s236,gcm_unidim,two-large,0.400139818502471,0.426093588196228
s236,gcm_unidim,one-large,0.700069909251232,0.425133890145956
s236,gcm_unidim,all-small,0.549686560986774,0.0696639085330566
s236,gcm_disc_unidim,two-small,0.601438689531241,0.284255518896643
s236,gcm_disc_unidim,two-large,0.601438689531241,0.284255518896643
s236,gcm_disc_unidim,one-large,0.80071934476563,0.28304532565885
s236,gcm_disc_unidim,all-small,0.40215803429687,0.0453831569816917
s237,gcm,two-large,0.263173589788922,0.210309120394762
s237,gcm,one-large,0.54446180627123,0.274977165315386
s237,gcm,all-small,0.541931833791943,0.0550193715365528
s237,gcm,two-small,0.676142174327489,0.136727890061149
s237,gcm_disc,two-large,0.515557057027455,0.166020928868183
s237,gcm_disc,one-large,0.729484143837577,0.18608643571195
s237,gcm_disc,all-small,0.346631008706435,0.0369692870973601
s237,gcm_disc,two-small,0.515557057027455,0.166020928868183
s237,gcm_unidim,two-large,0.42765462744675,0.409929791218324
s237,gcm_unidim,one-large,0.713827313723377,0.407331138331525
s237,gcm_unidim,all-small,0.593242313468785,0.0910350689228779
s237,gcm_unidim,two-small,0.728828208979185,0.205653044581049
s237,gcm_disc_unidim,two-large,0.617164102234177,0.277236670852609
s237,gcm_disc_unidim,one-large,0.808582051117092,0.273992874059513
s237,gcm_disc_unidim,all-small,0.425746153351302,0.0732409031220721
s237,gcm_disc_unidim,two-small,0.617164102234177,0.277236670852609
s238,gcm,one-large,0.462558879826316,0.085510496479538
s238,gcm,two-large,0.212737405288272,0.0518141611438191
s238,gcm,two-small,0.675384216900611,0.0412504874981205
s238,gcm,all-small,0.554728545763733,0.0373229877279733
s238,gcm_disc,one-large,0.698255698979885,0.0641130280818665
s238,gcm_disc,two-large,0.487082493647741,0.0596001172960657
s238,gcm_disc,two-small,0.487082493647741,0.0596001172960657
s238,gcm_disc,all-small,0.339469535131731,0.0481065166782095
s238,gcm_unidim,one-large,0.733973070573379,0.377391002698852
s238,gcm_unidim,two-large,0.467946141146766,0.378553474119988
s238,gcm_unidim,two-small,0.777560160630774,0.161012807057948
s238,gcm_unidim,all-small,0.666340240946157,0.0421530702446996
s238,gcm_disc_unidim,one-large,0.829920709218494,0.241898097452301
s238,gcm_disc_unidim,two-large,0.659841418436991,0.243256220313151
s238,gcm_disc_unidim,two-small,0.659841418436991,0.243256220313151
s238,gcm_disc_unidim,all-small,0.489762127655477,0.0444600664640928
s239,gcm,two-small,0.759994364802882,0.0263849559647641
s239,gcm,all-small,0.662495107773968,0.0270320123215094
s239,gcm,one-large,0.579900748680276,0.059633458586799
s239,gcm,two-large,0.336064616376535,0.0483038651689536
s239,gcm_disc,two-small,0.620122180581065,0.0690609822437998
s239,gcm_disc,all-small,0.48880266506488,0.069614178382482
s239,gcm_disc,one-large,0.787198882051349,0.0578897560573919
s239,gcm_disc,two-large,0.620122180581064,0.0690609822437998
s239,gcm_unidim,two-small,0.839825732285871,0.115951858919777
s239,gcm_unidim,all-small,0.7597385984288,0.0304102729826528
s239,gcm_unidim,one-large,0.778803974765234,0.314449929681251
s239,gcm_unidim,two-large,0.55760794953047,0.316068042077271
s239,gcm_disc_unidim,two-small,0.733928605632617,0.193562994423199
s239,gcm_disc_unidim,all-small,0.600892908448923,0.0557023514211179
s239,gcm_disc_unidim,one-large,0.866964302816311,0.19087268573265
s239,gcm_disc_unidim,two-large,0.733928605632617,0.193562994423199
s240,gcm,two-small,0.688722261950877,0.0271247352247483
s240,gcm,two-large,0.227077040245748,0.0350792108652357
s240,gcm,one-large,0.478635125067639,0.0711784919739947
s240,gcm,all-small,0.571131262377407,0.0163724550580489
s240,gcm_disc,two-small,0.521981104418075,0.0445353022839626
s240,gcm_disc,two-large,0.521981104418075,0.0445353022839626
s240,gcm_disc,one-large,0.723428172508706,0.058310112793682
s240,gcm_disc,all-small,0.375742049918265,0.023342012860969
s240,gcm_unidim,two-small,0.799153072544229,0.142551868395586
s240,gcm_unidim,two-large,0.492682019454983,0.359124017522113
s240,gcm_unidim,one-large,0.746341009727492,0.358928937298357
s240,gcm_unidim,all-small,0.698729608816339,0.0150320939952733
s240,gcm_disc_unidim,two-small,0.687001627413952,0.221963745833277
s240,gcm_disc_unidim,two-large,0.687001627413952,0.221963745833277
s240,gcm_disc_unidim,one-large,0.843500813706973,0.22164551651354
s240,gcm_disc_unidim,all-small,0.530502441120924,0.0205793202355493
s241,gcm,all-small,0.583501486670357,0.0413884159292918
s241,gcm,two-large,0.249531929889835,0.0759342215037673
s241,gcm,one-large,0.509131297029451,0.151872951742772
s241,gcm,two-small,0.699718344879729,0.0589854964330489
s241,gcm_disc,all-small,0.366891477761729,0.0535598844531957
s241,gcm_disc,two-large,0.516809801381759,0.0842983652670574
s241,gcm_disc,one-large,0.722843014160452,0.11771510872237
s241,gcm_disc,two-small,0.516809801381759,0.0842983652670574
s241,gcm_unidim,all-small,0.66895484343197,0.0525405645012412
s241,gcm_unidim,two-large,0.471738708214308,0.377067439422136
s241,gcm_unidim,one-large,0.735869354107157,0.375309429760446
s241,gcm_unidim,two-small,0.779303228954643,0.161847631997654
s241,gcm_disc_unidim,all-small,0.491436601915384,0.0520012335491762
s241,gcm_disc_unidim,two-large,0.660957734610261,0.243473671966901
s241,gcm_disc_unidim,one-large,0.830478867305134,0.241615506216318
s241,gcm_disc_unidim,two-small,0.660957734610261,0.243473671966901
s242,gcm,two-small,0.663920717771442,0.0501770706015292
s242,gcm,one-large,0.44526792674197,0.0752635944837562
s242,gcm,all-small,0.541645890382571,0.0571053549837346
s242,gcm,two-large,0.200879888008713,0.0578782283447936
s242,gcm_disc,two-small,0.462604026915306,0.0689269038341092
s242,gcm_disc,one-large,0.678782468062802,0.0572360289061759
s242,gcm_disc,all-small,0.316540382230604,0.0671705865443663
s242,gcm_disc,two-large,0.462604026915306,0.0689269038341092
s242,gcm_unidim,two-small,0.756677585508754,0.184374565456613
s242,gcm_unidim,one-large,0.726157641296912,0.390286217059886
s242,gcm_unidim,all-small,0.635016378263134,0.0811492136792389
s242,gcm_unidim,two-large,0.452315282593834,0.393271618088723
s242,gcm_disc_unidim,two-small,0.642160885671574,0.258280370260324
s242,gcm_disc_unidim,one-large,0.821080442835789,0.255670905655897
s242,gcm_disc_unidim,all-small,0.463241328507343,0.0634303790679979
s242,gcm_disc_unidim,two-large,0.642160885671574,0.258280370260324
s243,gcm,one-large,0.589889579609594,0.094195055537223
s243,gcm,two-small,0.763892899202183,0.0337636596308744
s243,gcm,all-small,0.667040926743756,0.0227561227033003
s243,gcm,two-large,0.344462238843086,0.0593288008509649
s243,gcm_disc,one-large,0.800402781903388,0.062158149238184
s243,gcm_disc,two-small,0.639137361434227,0.055064796114757
s243,gcm_disc,all-small,0.509162488611556,0.0328322917005121
s243,gcm_disc,two-large,0.639137361434227,0.055064796114757
s243,gcm_unidim,one-large,0.780940534895375,0.310652172351772
s243,gcm_unidim,two-small,0.842836203082001,0.11253599308431
s243,gcm_unidim,all-small,0.764254304622995,0.021692964301012
s243,gcm_unidim,two-large,0.561881069790744,0.311500176859787
s243,gcm_disc_unidim,one-large,0.871398910769842,0.182491529723555
s243,gcm_disc_unidim,two-small,0.742797821539698,0.183108637397278
s243,gcm_disc_unidim,all-small,0.614196732309552,0.0260162258203286
s243,gcm_disc_unidim,two-large,0.742797821539698,0.183108637397278
s244,gcm,two-large,0.077920578728182,0.0603231213421838
s244,gcm,all-small,0.32557655247854,0.1022531891289
s244,gcm,two-small,0.4803747338509,0.138550093794942
s244,gcm,one-large,0.290752810134486,0.155914029141671
s244,gcm_disc,two-large,0.27568871928924,0.0737749254303923
s244,gcm_disc,all-small,0.145475766266629,0.0500329766485497
s244,gcm_disc,two-small,0.27568871928924,0.0737749254303923
s244,gcm_disc,one-large,0.524172059983026,0.0938930030393597
s244,gcm_unidim,two-large,0.360018344847122,0.453815797279186
s244,gcm_unidim,all-small,0.378081053190044,0.14696305074586
s244,gcm_unidim,two-small,0.585387368793364,0.316785951853684
s244,gcm_unidim,one-large,0.680009172423569,0.453179667197576
s244,gcm_disc_unidim,two-large,0.527547112369859,0.339547702165935
s244,gcm_disc_unidim,all-small,0.291320668554778,0.0743288799615827
s244,gcm_disc_unidim,two-small,0.527547112369859,0.339547702165935
s244,gcm_disc_unidim,one-large,0.763773556184925,0.336824951442217
s245,gcm,two-large,0.232284280265118,0.21220894356199
s245,gcm,one-large,0.489685536658035,0.283296370554001
s245,gcm,two-small,0.649630631100571,0.138523932151984
s245,gcm,all-small,0.518310401995409,0.110460935828492
s245,gcm_disc,two-large,0.447440415208055,0.161672367297662
s245,gcm_disc,one-large,0.67428905791663,0.183427447206472
s245,gcm_disc,two-small,0.447440415208055,0.161672367297662
s245,gcm_disc,all-small,0.288932115320647,0.0891744968842821
s245,gcm_unidim,two-large,0.409077699005227,0.422788915278776
s245,gcm_unidim,one-large,0.704538849502615,0.420327647925591
s245,gcm_unidim,two-small,0.70439668987074,0.223012820267867
s245,gcm_unidim,all-small,0.556595034806082,0.0952049485214354
s245,gcm_disc_unidim,two-large,0.591068404923913,0.292768225147634
s245,gcm_disc_unidim,one-large,0.795534202461957,0.290971172651293
s245,gcm_disc_unidim,two-small,0.591068404923913,0.292768225147634
s245,gcm_disc_unidim,all-small,0.386602607385859,0.0560984048443538
s246,gcm,one-large,0.641152629360542,0.129427213128051
s246,gcm,two-small,0.792062385472517,0.0576660451311779
s246,gcm,two-large,0.40563578147565,0.107085551321287
s246,gcm,all-small,0.703737934628363,0.0494694907244849
s246,gcm_disc,one-large,0.762340469769056,0.073318172124164
s246,gcm_disc,two-small,0.578980639810434,0.064042519001296
s246,gcm_disc,two-large,0.578980639810434,0.064042519001296
s246,gcm_disc,all-small,0.437885567297895,0.0353491904498423
s246,gcm_unidim,one-large,0.780753704630016,0.316495487015739
s246,gcm_unidim,two-small,0.837704377449204,0.126897676379781
s246,gcm_unidim,two-large,0.561507409260049,0.322796870467901
s246,gcm_unidim,all-small,0.756556566173824,0.0663249081185855
s246,gcm_disc_unidim,one-large,0.838185888211494,0.229877006947656
s246,gcm_disc_unidim,two-small,0.67637177642299,0.230905996922853
s246,gcm_disc_unidim,two-large,0.67637177642299,0.230905996922853
s246,gcm_disc_unidim,all-small,0.514557664634491,0.0377150271797924
s247,gcm,two-small,0.76057780482229,0.0691232768604885
s247,gcm,two-large,0.350806485978504,0.117462894292937
s247,gcm,one-large,0.587569728846586,0.121876949230074
s247,gcm,all-small,0.664396592840095,0.0826186317378052
s247,gcm_disc,two-small,0.566902079887105,0.0926446749064239
s247,gcm_disc,two-large,0.566902079887105,0.0926446749064239
s247,gcm_disc,one-large,0.751859848384967,0.0779416644793521
s247,gcm_disc,all-small,0.42860219095747,0.0928304963210357
s247,gcm_unidim,two-small,0.814383399078635,0.159567341769222
s247,gcm_unidim,two-large,0.538062225420403,0.348955500125481
s247,gcm_unidim,one-large,0.769031112710199,0.337984189852091
s247,gcm_unidim,all-small,0.721575098617955,0.111137896971081
s247,gcm_disc_unidim,two-small,0.686666366606077,0.231558875380892
s247,gcm_disc_unidim,two-large,0.686666366606077,0.231558875380892
s247,gcm_disc_unidim,one-large,0.843333183303037,0.226616497576002
s247,gcm_disc_unidim,all-small,0.529999549909102,0.0824222505282936
s248,gcm,two-large,0.378181025096398,0.107552283873677
s248,gcm,two-small,0.778540715885086,0.0541623788396108
s248,gcm,one-large,0.619110019981384,0.138105168209106
s248,gcm,all-small,0.685915948722419,0.044844603886462
s248,gcm_disc,two-large,0.608797006547631,0.0897430608422051
s248,gcm_disc,two-small,0.608797006547631,0.0897430608422051
s248,gcm_disc,one-large,0.78283610423064,0.100496325180968
s248,gcm_disc,all-small,0.469843978665149,0.0452861117164706
s248,gcm_unidim,two-large,0.563134424974678,0.315801785398088
s248,gcm_unidim,two-small,0.841296568200185,0.118799545966164
s248,gcm_unidim,one-large,0.78156721248734,0.312377656882138
s248,gcm_unidim,all-small,0.761944852300276,0.0477420820057405
s248,gcm_disc_unidim,two-large,0.704294805119304,0.211958755178527
s248,gcm_disc_unidim,two-small,0.704294805119304,0.211958755178527
s248,gcm_disc_unidim,one-large,0.852147402559653,0.210533489870198
s248,gcm_disc_unidim,all-small,0.556442207678942,0.0425028307259284
s249,gcm,one-large,0.414328361949942,0.103889271752167
s249,gcm,two-large,0.171404932749617,0.0592232675164668
s249,gcm,all-small,0.506582058308039,0.0580170191569633
s249,gcm,two-small,0.635495897512838,0.059145659698892
s249,gcm_disc,one-large,0.650184393212621,0.0746702457079201
s249,gcm_disc,two-large,0.423029642242682,0.0698545499887979
s249,gcm_disc,all-small,0.275524014601956,0.0578877206052524
s249,gcm_disc,two-small,0.423029642242682,0.0698545499887979
s249,gcm_unidim,one-large,0.707871128586873,0.414328790777471
s249,gcm_unidim,two-large,0.415742257173732,0.415514922934103
s249,gcm_unidim,all-small,0.581125026527445,0.0690116128612392
s249,gcm_unidim,two-small,0.72075001768496,0.205345071453697
s249,gcm_disc_unidim,one-large,0.806491968765202,0.275184493475465
s249,gcm_disc_unidim,two-large,0.612983937530409,0.276694573066794
s249,gcm_disc_unidim,all-small,0.419475906295627,0.0500014394372822
s249,gcm_disc_unidim,two-small,0.612983937530409,0.276694573066794
s250,gcm,two-large,0.169694414913044,0.0903995244459842
s250,gcm,two-small,0.62294995643716,0.091709310012869
s250,gcm,all-small,0.488756932190228,0.0716196469820999
s250,gcm,one-large,0.424820690637217,0.192661383988381
s250,gcm_disc,two-large,0.428531241643503,0.102653904703662
s250,gcm_disc,two-small,0.428531241643503,0.102653904703662
s250,gcm_disc,all-small,0.277647237604712,0.0716335760064165
s250,gcm_disc,one-large,0.657225072400213,0.128448192940302
s250,gcm_unidim,two-large,0.410313489585818,0.420764684865703
s250,gcm_unidim,two-small,0.704477064773311,0.22597249745322
s250,gcm_unidim,all-small,0.556715597159988,0.105322811188097
s250,gcm_unidim,one-large,0.705156744792907,0.418875638042192
s250,gcm_disc_unidim,two-large,0.610796421280164,0.281298129203483
s250,gcm_disc_unidim,two-small,0.610796421280164,0.281298129203483
s250,gcm_disc_unidim,all-small,0.416194631920243,0.0712722546673105
s250,gcm_disc_unidim,one-large,0.805398210640081,0.278272155868301
s251,gcm,two-large,0.191886423130776,0.0631619316212999
s251,gcm,two-small,0.655170144092886,0.0543823781194604
s251,gcm,one-large,0.435956406709314,0.0908335389657478
s251,gcm,all-small,0.530802303722773,0.0586837134604402
s251,gcm_disc,two-large,0.461210920506083,0.0782249323534705
s251,gcm_disc,two-small,0.461210920506083,0.0782249323534705
s251,gcm_disc,one-large,0.678106579602265,0.0728698246593992
s251,gcm_disc,all-small,0.31456871893105,0.070634507973184
s251,gcm_unidim,two-large,0.457325190651251,0.38694472221958
s251,gcm_unidim,two-small,0.766116933683389,0.172181211727271
s251,gcm_unidim,one-large,0.728662595325628,0.385343305773774
s251,gcm_unidim,all-small,0.649175400525086,0.0586708525580451
s251,gcm_disc_unidim,two-large,0.648312827363095,0.252877764396583
s251,gcm_disc_unidim,two-small,0.648312827363095,0.252877764396583
s251,gcm_disc_unidim,one-large,0.824156413681541,0.250789838031474
s251,gcm_disc_unidim,all-small,0.47246924104464,0.0561681635722822
s252,gcm,two-large,0.226556127730074,0.0574485610178277
s252,gcm,one-large,0.480144663609467,0.105603861100568
s252,gcm,all-small,0.566722653244302,0.0314451785746562
s252,gcm,two-small,0.685594944985548,0.0448473020754035
s252,gcm_disc,two-large,0.480696182487501,0.0572724656736804
s252,gcm_disc,one-large,0.694645798311995,0.0731301732632973
s252,gcm_disc,all-small,0.331459496779221,0.0342442330130599
s252,gcm_disc,two-small,0.480696182487501,0.0572724656736804
s252,gcm_unidim,two-large,0.452657182768094,0.388045361113812
s252,gcm_unidim,one-large,0.72632859138406,0.387541028841235
s252,gcm_unidim,all-small,0.648017649308583,0.0327924409137437
s252,gcm_unidim,two-small,0.765345099539052,0.168075109538824
s252,gcm_disc_unidim,two-large,0.643074866450587,0.253480117702042
s252,gcm_disc_unidim,one-large,0.821537433225296,0.252934767788362
s252,gcm_disc_unidim,all-small,0.464612299675881,0.0287840223433892
s252,gcm_disc_unidim,two-small,0.643074866450587,0.253480117702042
s253,gcm,all-small,0.562427696749198,0.0387610395228582
s253,gcm,two-large,0.236369600823129,0.101280718925232
s253,gcm,two-small,0.684684495961951,0.0770650669802467
s253,gcm,one-large,0.501464696354376,0.180205999074276
s253,gcm_disc,all-small,0.351809124584009,0.0454287904578116
s253,gcm_disc,two-large,0.505762802135849,0.101257514183779
s253,gcm_disc,two-small,0.505762802135849,0.101257514183779
s253,gcm_disc,one-large,0.716040331494502,0.126338107317772
s253,gcm_unidim,all-small,0.641231224958646,0.0569591354613369
s253,gcm_unidim,two-large,0.451216682146878,0.390837491066309
s253,gcm_unidim,two-small,0.760820816639098,0.175405689525147
s253,gcm_unidim,one-large,0.725608341073442,0.389448552946275
s253,gcm_disc_unidim,all-small,0.465122058283176,0.0582410749176833
s253,gcm_disc_unidim,two-large,0.643414705522112,0.256592924145917
s253,gcm_disc_unidim,two-small,0.643414705522112,0.256592924145917
s253,gcm_disc_unidim,one-large,0.821707352761059,0.254380137692712
s254,gcm,all-small,0.669629008907663,0.0272818136131718
s254,gcm,one-large,0.592863226733217,0.0945746287801543
s254,gcm,two-large,0.348463130154985,0.0649611322380675
s254,gcm,two-small,0.765819849990828,0.0357650130159335
s254,gcm_disc,all-small,0.508364267003271,0.0508927117288183
s254,gcm_disc,one-large,0.799683262049214,0.0684491319641214
s254,gcm_disc,two-large,0.638241459470186,0.0663969685316336
s254,gcm_disc,two-small,0.638241459470187,0.0663969685316336
s254,gcm_unidim,all-small,0.761004084365663,0.0272734446572966
s254,gcm_unidim,one-large,0.77932665543818,0.313340934608328
s254,gcm_unidim,two-large,0.558653310876364,0.314592595720422
s254,gcm_unidim,two-small,0.840669389577114,0.114845216113292
s254,gcm_disc_unidim,all-small,0.609523537846995,0.0402500747251878
s254,gcm_disc_unidim,one-large,0.869841179282337,0.185536383031657
s254,gcm_disc_unidim,two-large,0.73968235856467,0.186986021581644
s254,gcm_disc_unidim,two-small,0.73968235856467,0.186986021581644
s255,gcm,two-large,0.180061755976018,0.0638436391422131
s255,gcm,all-small,0.51665634228682,0.0532848415315344
s255,gcm,one-large,0.425230493499283,0.107991923504234
s255,gcm,two-small,0.644062969862263,0.0562055528649759
s255,gcm_disc,two-large,0.447102145168547,0.0819078258820508
s255,gcm_disc,all-small,0.297554687768088,0.0594904038220857
s255,gcm_disc,one-large,0.669754914600326,0.0960313494108075
s255,gcm_disc,two-small,0.447102145168547,0.0819078258820508
s255,gcm_unidim,two-large,0.43728928407331,0.400541656697564
s255,gcm_unidim,all-small,0.621330980947558,0.0537536715516275
s255,gcm_unidim,one-large,0.718644642036651,0.399224488162656
s255,gcm_unidim,two-small,0.747553987298365,0.183825525841744
s255,gcm_disc_unidim,two-large,0.627971112448605,0.265584342725122
s255,gcm_disc_unidim,all-small,0.441956668672917,0.0446666244577029
s255,gcm_disc_unidim,one-large,0.813985556224304,0.264329353876157
s255,gcm_disc_unidim,two-small,0.627971112448605,0.265584342725122
s256,gcm,one-large,0.49808903710926,0.064758892427102
s256,gcm,two-large,0.249181640635613,0.0515853729778848
s256,gcm,all-small,0.590531699749557,0.0416245387656046
s256,gcm,two-small,0.703675477547975,0.0366918517956282
s256,gcm_disc,one-large,0.721684841751906,0.0513614386720328
s256,gcm_disc,two-large,0.521733794510396,0.0612591143151363
s256,gcm_disc,all-small,0.377874879568719,0.0618321513227366
s256,gcm_disc,two-small,0.521733794510397,0.0612591143151363
s256,gcm_unidim,one-large,0.752708176275158,0.352365147536822
s256,gcm_unidim,two-large,0.505416352550312,0.354981647313859
s256,gcm_unidim,all-small,0.70690522439339,0.0532710104957769
s256,gcm_unidim,two-small,0.80460348292893,0.144852960774618
s256,gcm_disc_unidim,one-large,0.841281173050595,0.226998473341491
s256,gcm_disc_unidim,two-large,0.682562346101192,0.229503075917891
s256,gcm_disc_unidim,all-small,0.523843519151774,0.0585667556657875
s256,gcm_disc_unidim,two-small,0.682562346101192,0.229503075917891
s257,gcm,all-small,0.500319441542042,0.0638452234283756
s257,gcm,two-large,0.17026477329247,0.0721595622793969
s257,gcm,two-small,0.630863116299468,0.0713552878827048
s257,gcm,one-large,0.414997013689642,0.124713869233279
s257,gcm_disc,all-small,0.302301956034054,0.044853020895638
s257,gcm_disc,two-large,0.452274968636438,0.0697732085646351
s257,gcm_disc,two-small,0.452274968636439,0.0697732085646351
s257,gcm_disc,one-large,0.673795822064663,0.0838423044096742
s257,gcm_unidim,all-small,0.549517017924768,0.105062868223938
s257,gcm_unidim,two-large,0.406370004793695,0.422813434160117
s257,gcm_unidim,two-small,0.699678011949841,0.229034718662095
s257,gcm_unidim,one-large,0.703185002396848,0.421292743056332
s257,gcm_disc_unidim,all-small,0.424754343111003,0.0374932999235418
s257,gcm_disc_unidim,two-large,0.616502895407341,0.272900245297518
s257,gcm_disc_unidim,two-small,0.616502895407341,0.272900245297518
s257,gcm_disc_unidim,one-large,0.808251447703668,0.272040367170744
s258,gcm,all-small,0.545105382530616,0.0213634278539447
s258,gcm,two-large,0.200543659253427,0.0329090462553917
s258,gcm,one-large,0.44886758910645,0.0585316791813024
s258,gcm,two-small,0.667517669521309,0.0273318343670684
s258,gcm_disc,all-small,0.323020004455902,0.021154160376032
s258,gcm_disc,two-large,0.471283689199003,0.0333630061650539
s258,gcm_disc,one-large,0.686854698548409,0.0404782188721789
s258,gcm_disc,two-small,0.471283689199003,0.0333630061650539
s258,gcm_unidim,all-small,0.646862647240189,0.0340423618081051
s258,gcm_unidim,two-large,0.451980100731935,0.388659845428512
s258,gcm_unidim,one-large,0.725990050365971,0.388087753200816
s258,gcm_unidim,two-small,0.764575098160123,0.168777727966416
s258,gcm_disc_unidim,all-small,0.466717259612894,0.0218369468796528
s258,gcm_disc_unidim,two-large,0.644478173075261,0.252027415373053
s258,gcm_disc_unidim,one-large,0.822239086537635,0.251711873676922
s258,gcm_disc_unidim,two-small,0.644478173075261,0.252027415373053
s259,gcm,one-large,0.424482288753218,0.142643164739252
s259,gcm,two-large,0.171265215475062,0.0577597534790888
s259,gcm,all-small,0.505236502358223,0.0253928720876209
s259,gcm,two-small,0.63624913159639,0.0552827709216585
s259,gcm_disc,one-large,0.663576082963179,0.111736898568986
s259,gcm_disc,two-large,0.435197938785458,0.076131667606121
s259,gcm_disc,all-small,0.282536261015891,0.0352514551134045
s259,gcm_disc,two-small,0.435197938785458,0.076131667606121
s259,gcm_unidim,one-large,0.713764457723868,0.405057932855239
s259,gcm_unidim,two-large,0.427528915447753,0.405311014236092
s259,gcm_unidim,all-small,0.611278016367653,0.0273909368036257
s259,gcm_unidim,two-small,0.740852010911774,0.184607950365688
s259,gcm_disc_unidim,one-large,0.809997489950951,0.269398530203523
s259,gcm_disc_unidim,two-large,0.619994979901914,0.270086851070064
s259,gcm_disc_unidim,all-small,0.429992469852886,0.0333768952326726
s259,gcm_disc_unidim,two-small,0.619994979901914,0.270086851070064
s260,gcm,one-large,0.513420313304156,0.0387028116386524
s260,gcm,all-small,0.605703797216471,0.0238078831271847
s260,gcm,two-large,0.263926434350061,0.0308929348272001
s260,gcm,two-small,0.715823059758134,0.0211385778856355
s260,gcm_disc,one-large,0.722816884073423,0.0430369263967998
s260,gcm_disc,all-small,0.377389068923277,0.0353260477864984
s260,gcm_disc,two-large,0.522346112660068,0.0420102432404198
s260,gcm_disc,two-small,0.522346112660068,0.0420102432404198
s260,gcm_unidim,one-large,0.748523139257971,0.356438952257705
s260,gcm_unidim,all-small,0.70205627130195,0.029928087569385
s260,gcm_unidim,two-large,0.497046278515934,0.35722844773019
s260,gcm_unidim,two-small,0.801370847534624,0.14256413046429
s260,gcm_disc_unidim,one-large,0.838304991966927,0.229261506155484
s260,gcm_disc_unidim,all-small,0.514914975900758,0.0283869205627433
s260,gcm_disc_unidim,two-large,0.676609983933845,0.229846566121169
s260,gcm_disc_unidim,two-small,0.676609983933845,0.229846566121169
s261,gcm,one-large,0.707542575344411,0.044271527509178
s261,gcm,all-small,0.770481423965719,0.0153327081325386
s261,gcm,two-large,0.500182855427884,0.0395720783161647
s261,gcm,two-small,0.840490812310461,0.0163926954162454
s261,gcm_disc,one-large,0.861659944398311,0.035113105477709
s261,gcm_disc,all-small,0.638533723376613,0.021720843207456
s261,gcm_disc,two-large,0.741990332947042,0.0336841419412295
s261,gcm_disc,two-small,0.741990332947043,0.0336841419412295
s261,gcm_unidim,one-large,0.834530270831275,0.234592509051178
s261,gcm_unidim,all-small,0.842152785960627,0.0118047625185869
s261,gcm_unidim,two-large,0.669060541662543,0.235170294567086
s261,gcm_unidim,two-small,0.89476852397376,0.0750327355320046
s261,gcm_disc_unidim,one-large,0.905474982414727,0.133970153408347
s261,gcm_disc_unidim,all-small,0.716424947244184,0.0152449562777548
s261,gcm_disc_unidim,two-large,0.810949964829455,0.134258972021337
s261,gcm_disc_unidim,two-small,0.810949964829455,0.134258972021337
s262,gcm,all-small,0.505911402159982,0.0399298926926593
s262,gcm,one-large,0.406015739982998,0.0584823679309488
s262,gcm,two-large,0.165656373868648,0.0373404858272651
s262,gcm,two-small,0.634713963969212,0.0376384067837966
s262,gcm_disc,all-small,0.281315534185812,0.0449044281662496
s262,gcm_disc,one-large,0.654388964122196,0.050944069337169
s262,gcm_disc,two-large,0.428778503587008,0.0517309111617219
s262,gcm_disc,two-small,0.428778503587008,0.0517309111617219
s262,gcm_unidim,all-small,0.623702229735086,0.0538777566618627
s262,gcm_unidim,one-large,0.719249151198207,0.397990132681897
s262,gcm_unidim,two-large,0.438498302396406,0.398929999912572
s262,gcm_unidim,two-small,0.749134819823393,0.182764573828959
s262,gcm_disc_unidim,all-small,0.44311018095585,0.0404756807011568
s262,gcm_disc_unidim,one-large,0.814370060318615,0.263562627004723
s262,gcm_disc_unidim,two-large,0.628740120637227,0.264596583367406
s262,gcm_disc_unidim,two-small,0.628740120637227,0.264596583367406
s263,gcm,all-small,0.447985514145434,0.147453151841189
s263,gcm,two-small,0.590853725234609,0.164563056245681
s263,gcm,two-large,0.16827111300821,0.103825939208935
s263,gcm,one-large,0.417693809498437,0.170303364604582
s263,gcm_disc,all-small,0.28949945275349,0.0949391040499822
s263,gcm_disc,two-small,0.433416819719258,0.10029834830315
s263,gcm_disc,two-large,0.433416819719258,0.10029834830315
s263,gcm_disc,one-large,0.655197871212604,0.0874095838978533
s263,gcm_unidim,all-small,0.474401232541321,0.207511452710648
s263,gcm_unidim,two-small,0.64960082169421,0.300165123180522
s263,gcm_unidim,two-large,0.405985281001137,0.429108657160816
s263,gcm_unidim,one-large,0.702992640500568,0.424597842188623
s263,gcm_disc_unidim,all-small,0.405568650078682,0.108475638333008
s263,gcm_disc_unidim,two-small,0.603712433385788,0.293886177022082
s263,gcm_disc_unidim,two-large,0.603712433385788,0.293886177022082
s263,gcm_disc_unidim,one-large,0.801856216692885,0.287135444823641
s264,gcm,two-large,0.125045945824832,0.0250619037313745
s264,gcm,two-small,0.592289941609218,0.030928325296147
s264,gcm,all-small,0.455626061067852,0.0258152364899284
s264,gcm,one-large,0.354547096282864,0.0571129749713286
s264,gcm_disc,two-large,0.380359311289099,0.0328384549066735
s264,gcm_disc,two-small,0.380359311289099,0.0328384549066735
s264,gcm_disc,all-small,0.234536854588279,0.0242352885025037
s264,gcm_disc,one-large,0.616781099615736,0.0389779252187043
s264,gcm_unidim,two-large,0.387725053704925,0.43342499896717
s264,gcm_unidim,two-small,0.686364068113909,0.224437903972948
s264,gcm_unidim,all-small,0.529546102170892,0.0421967274133081
s264,gcm_unidim,one-large,0.693862526852462,0.433187927519993
s264,gcm_disc_unidim,two-large,0.597096371067691,0.285546337479399
s264,gcm_disc_unidim,two-small,0.597096371067691,0.285546337479399
s264,gcm_disc_unidim,all-small,0.395644556601532,0.0235085357165139
s264,gcm_disc_unidim,one-large,0.798548185533845,0.285223585567628
